p1,p2,ptype,fid1,fid2,tags,set,nsamples,pp,new_type,old_tags,label
F0957/MID1,F0957/MID4,fs,F0957,F0957,909,0,18,F0957.MID1.MID4,,fs,0
F0033/MID6,F0033/MID1,ms,F0033,F0033,28,0,7,F0033.MID6.MID1,,ms,2
F0998/MID4,F0998/MID2,ms,F0998,F0998,950,0,25,F0998.MID4.MID2,,ms,2
F0602/MID4,F0602/MID5,md,F0602,F0602,566,0,42,F0602.MID4.MID5,,md,3
F1007/MID1,F1007/MID5,fs,F1007,F1007,958,0,40,F1007.MID1.MID5,,fs,0
F0896/MID1,F0896/MID5,fs,F0896,F0896,849,0,8,F0896.MID1.MID5,,fs,0
F0117/MID1,F0117/MID4,fd,F0117,F0117,109,0,96,F0117.MID1.MID4,,fd,1
F0985/MID1,F0985/MID3,fd,F0985,F0985,937,0,10,F0985.MID1.MID3,,fd,1
F0153/MID1,F0153/MID4,ms,F0153,F0153,144,0,12,F0153.MID1.MID4,,ms,2
F0043/MID1,F0043/MID4,ms,F0043,F0043,38,0,45,F0043.MID1.MID4,,ms,2
F0645/MID4,F0645/MID6,fs,F0645,F0645,606,0,3,F0645.MID4.MID6,,fs,0
F0974/MID7,F0974/MID6,ms,F0974,F0974,926,0,2,F0974.MID7.MID6,,ms,2
F0460/MID1,F0460/MID4,fs,F0460,F0460,432,0,35,F0460.MID1.MID4,,fs,0
F0795/MID3,F0795/MID1,fs,F0795,F0795,749,0,60,F0795.MID3.MID1,,fs,0
F0842/MID1,F0842/MID2,fd,F0842,F0842,796,0,40,F0842.MID1.MID2,,fd,1
F0685/MID3,F0685/MID5,fd,F0685,F0685,645,0,80,F0685.MID3.MID5,,fd,1
F0963/MID3,F0963/MID2,fs,F0963,F0963,915,0,12,F0963.MID3.MID2,,fs,0
F0992/MID7,F0992/MID9,md,F0992,F0992,944,0,20,F0992.MID7.MID9,,md,3
F0703/MID2,F0703/MID7,ms,F0703,F0703,662,0,3,F0703.MID2.MID7,,ms,2
F0622/MID3,F0622/MID6,md,F0622,F0622,584,0,12,F0622.MID3.MID6,,md,3
F0016/MID2,F0016/MID4,fd,F0016,F0016,14,0,4,F0016.MID2.MID4,,fd,1
F0690/MID1,F0690/MID7,fs,F0690,F0690,650,0,7,F0690.MID1.MID7,,fs,0
F0969/MID2,F0969/MID3,ms,F0969,F0969,921,0,12,F0969.MID2.MID3,,ms,2
F0401/MID4,F0401/MID8,ms,F0401,F0401,373,0,9,F0401.MID4.MID8,,ms,2
F0249/MID1,F0249/MID5,fs,F0249,F0249,234,0,65,F0249.MID1.MID5,,fs,0
F0257/MID5,F0257/MID3,fd,F0257,F0257,242,0,2,F0257.MID5.MID3,,fd,1
F0486/MID2,F0486/MID1,md,F0486,F0486,455,0,60,F0486.MID2.MID1,,md,3
F0067/MID1,F0067/MID4,fs,F0067,F0067,60,0,98,F0067.MID1.MID4,,fs,0
F0141/MID1,F0141/MID3,fd,F0141,F0141,132,0,24,F0141.MID1.MID3,,fd,1
F0601/MID9,F0601/MID11,fd,F0601,F0601,565,0,1260,F0601.MID9.MID11,,fd,1
F0618/MID4,F0618/MID3,md,F0618,F0618,581,0,5,F0618.MID4.MID3,,md,3
F0765/MID2,F0765/MID4,ms,F0765,F0765,721,0,9,F0765.MID2.MID4,,ms,2
F0604/MID2,F0604/MID4,md,F0604,F0604,568,0,2,F0604.MID2.MID4,,md,3
F0215/MID1,F0215/MID3,fd,F0215,F0215,203,0,6,F0215.MID1.MID3,,fd,1
F0933/MID1,F0933/MID4,fd,F0933,F0933,885,0,72,F0933.MID1.MID4,,fd,1
F0076/MID2,F0076/MID4,fs,F0076,F0076,69,0,30,F0076.MID2.MID4,,fs,0
F0043/MID1,F0043/MID2,md,F0043,F0043,38,0,54,F0043.MID1.MID2,,md,3
F0010/MID1,F0010/MID3,fs,F0010,F0010,9,0,48,F0010.MID1.MID3,,fs,0
F0635/MID1,F0635/MID5,fd,F0635,F0635,597,0,40,F0635.MID1.MID5,,fd,1
F0941/MID2,F0941/MID3,ms,F0941,F0941,893,0,24,F0941.MID2.MID3,,ms,2
F0821/MID1,F0821/MID4,fd,F0821,F0821,775,0,27,F0821.MID1.MID4,,fd,1
F0206/MID7,F0206/MID9,md,F0206,F0206,194,0,12,F0206.MID7.MID9,,md,3
F0987/MID5,F0987/MID7,fd,F0987,F0987,939,0,30,F0987.MID5.MID7,,fd,1
F0961/MID1,F0961/MID4,fs,F0961,F0961,913,0,36,F0961.MID1.MID4,,fs,0
F0101/MID3,F0101/MID1,fs,F0101,F0101,94,0,50,F0101.MID3.MID1,,fs,0
F0884/MID1,F0884/MID3,fs,F0884,F0884,837,0,56,F0884.MID1.MID3,,fs,0
F0156/MID2,F0156/MID4,md,F0156,F0156,147,0,21,F0156.MID2.MID4,,md,3
F0598/MID1,F0598/MID4,fd,F0598,F0598,562,0,55,F0598.MID1.MID4,,fd,1
F0601/MID19,F0601/MID7,ms,F0601,F0601,565,0,4134,F0601.MID19.MID7,,ms,2
F0814/MID3,F0814/MID2,fs,F0814,F0814,768,0,40,F0814.MID3.MID2,,fs,0
F0262/MID2,F0262/MID3,ms,F0262,F0262,246,0,30,F0262.MID2.MID3,,ms,2
F0714/MID2,F0714/MID4,ms,F0714,F0714,670,0,60,F0714.MID2.MID4,,ms,2
F0960/MID2,F0960/MID3,md,F0960,F0960,912,0,48,F0960.MID2.MID3,,md,3
F0260/MID1,F0260/MID2,fd,F0260,F0260,245,0,24,F0260.MID1.MID2,,fd,1
F0486/MID3,F0486/MID1,fd,F0486,F0486,455,0,60,F0486.MID3.MID1,,fd,1
F0296/MID4,F0296/MID1,fd,F0296,F0296,277,0,18,F0296.MID4.MID1,,fd,1
F0124/MID3,F0124/MID2,md,F0124,F0124,116,0,14,F0124.MID3.MID2,,md,3
F0806/MID1,F0806/MID5,ms,F0806,F0806,760,0,60,F0806.MID1.MID5,,ms,2
F0783/MID3,F0783/MID4,fs,F0783,F0783,738,0,35,F0783.MID3.MID4,,fs,0
F0704/MID1,F0704/MID5,fd,F0704,F0704,663,0,24,F0704.MID1.MID5,,fd,1
F0978/MID4,F0978/MID2,fd,F0978,F0978,930,0,4,F0978.MID4.MID2,,fd,1
F0002/MID2,F0002/MID3,md,F0002,F0002,1,0,81,F0002.MID2.MID3,,md,3
F0518/MID4,F0518/MID2,fd,F0518,F0518,485,0,18,F0518.MID4.MID2,,fd,1
F1007/MID1,F1007/MID3,fd,F1007,F1007,958,0,48,F1007.MID1.MID3,,fd,1
F0377/MID2,F0377/MID1,fd,F0377,F0377,353,0,70,F0377.MID2.MID1,,fd,1
F0152/MID6,F0152/MID3,fd,F0152,F0152,143,0,3,F0152.MID6.MID3,,fd,1
F0790/MID6,F0790/MID3,ms,F0790,F0790,745,0,9,F0790.MID6.MID3,,ms,2
F0489/MID1,F0489/MID2,fs,F0489,F0489,458,0,48,F0489.MID1.MID2,,fs,0
F0073/MID2,F0073/MID1,md,F0073,F0073,66,0,64,F0073.MID2.MID1,,md,3
F0552/MID2,F0552/MID6,md,F0552,F0552,519,0,48,F0552.MID2.MID6,,md,3
F0191/MID2,F0191/MID3,md,F0191,F0191,180,0,14,F0191.MID2.MID3,,md,3
F0442/MID3,F0442/MID4,fd,F0442,F0442,414,0,6,F0442.MID3.MID4,,fd,1
F0476/MID4,F0476/MID2,md,F0476,F0476,446,0,10,F0476.MID4.MID2,,md,3
F0326/MID4,F0326/MID1,fs,F0326,F0326,305,0,10,F0326.MID4.MID1,,fs,0
F0101/MID3,F0101/MID5,fs,F0101,F0101,94,0,20,F0101.MID3.MID5,,fs,0
F0767/MID1,F0767/MID6,fs,F0767,F0767,723,0,77,F0767.MID1.MID6,,fs,0
F0171/MID8,F0171/MID1,ms,F0171,F0171,162,0,7,F0171.MID8.MID1,,ms,2
F0033/MID1,F0033/MID4,fs,F0033,F0033,28,0,28,F0033.MID1.MID4,,fs,0
F0209/MID1,F0209/MID2,fd,F0209,F0209,197,0,24,F0209.MID1.MID2,,fd,1
F0848/MID5,F0848/MID4,md,F0848,F0848,802,0,70,F0848.MID5.MID4,,md,3
F0733/MID1,F0733/MID5,fd,F0733,F0733,689,0,8,F0733.MID1.MID5,,fd,1
F0576/MID3,F0576/MID1,ms,F0576,F0576,542,0,49,F0576.MID3.MID1,,ms,2
F0118/MID1,F0118/MID6,fd,F0118,F0118,110,0,240,F0118.MID1.MID6,,fd,1
F0297/MID1,F0297/MID4,ms,F0297,F0297,278,0,50,F0297.MID1.MID4,,ms,2
F0415/MID3,F0415/MID1,fs,F0415,F0415,387,0,18,F0415.MID3.MID1,,fs,0
F0197/MID1,F0197/MID3,ms,F0197,F0197,186,0,70,F0197.MID1.MID3,,ms,2
F0964/MID3,F0964/MID1,fs,F0964,F0964,916,0,27,F0964.MID3.MID1,,fs,0
F0748/MID1,F0748/MID3,md,F0748,F0748,704,0,32,F0748.MID1.MID3,,md,3
F0454/MID2,F0454/MID3,fd,F0454,F0454,426,0,24,F0454.MID2.MID3,,fd,1
F0887/MID7,F0887/MID5,ms,F0887,F0887,840,0,2,F0887.MID7.MID5,,ms,2
F0299/MID2,F0299/MID4,ms,F0299,F0299,280,0,19,F0299.MID2.MID4,,ms,2
F0991/MID1,F0991/MID3,fs,F0991,F0991,943,0,88,F0991.MID1.MID3,,fs,0
F0213/MID4,F0213/MID1,fs,F0213,F0213,201,0,5,F0213.MID4.MID1,,fs,0
F0944/MID1,F0944/MID3,fd,F0944,F0944,896,0,70,F0944.MID1.MID3,,fd,1
F0035/MID1,F0035/MID4,fs,F0035,F0035,30,0,9,F0035.MID1.MID4,,fs,0
F0744/MID2,F0744/MID3,ms,F0744,F0744,700,0,4,F0744.MID2.MID3,,ms,2
F0811/MID5,F0811/MID4,md,F0811,F0811,765,0,12,F0811.MID5.MID4,,md,3
F0153/MID3,F0153/MID4,fs,F0153,F0153,144,0,3,F0153.MID3.MID4,,fs,0
F0064/MID2,F0064/MID4,ms,F0064,F0064,57,0,120,F0064.MID2.MID4,,ms,2
F0892/MID2,F0892/MID3,fd,F0892,F0892,845,0,60,F0892.MID2.MID3,,fd,1
F0209/MID6,F0209/MID7,ms,F0209,F0209,197,0,2,F0209.MID6.MID7,,ms,2
F0501/MID1,F0501/MID5,fs,F0501,F0501,468,0,24,F0501.MID1.MID5,,fs,0
F0715/MID3,F0715/MID1,md,F0715,F0715,671,0,36,F0715.MID3.MID1,,md,3
F0601/MID17,F0601/MID26,md,F0601,F0601,565,0,2,F0601.MID17.MID26,,md,3
F0080/MID3,F0080/MID4,fd,F0080,F0080,73,0,12,F0080.MID3.MID4,,fd,1
F0424/MID2,F0424/MID3,ms,F0424,F0424,396,0,14,F0424.MID2.MID3,,ms,2
F0851/MID1,F0851/MID2,fd,F0851,F0851,805,0,10,F0851.MID1.MID2,,fd,1
F0804/MID6,F0804/MID7,md,F0804,F0804,758,0,3,F0804.MID6.MID7,,md,3
F0084/MID4,F0084/MID3,fd,F0084,F0084,77,0,16,F0084.MID4.MID3,,fd,1
F0612/MID2,F0612/MID1,ms,F0612,F0612,575,0,6,F0612.MID2.MID1,,ms,2
F0672/MID6,F0672/MID2,ms,F0672,F0672,632,0,27,F0672.MID6.MID2,,ms,2
F0466/MID2,F0466/MID3,ms,F0466,F0466,436,0,49,F0466.MID2.MID3,,ms,2
F0738/MID4,F0738/MID7,md,F0738,F0738,694,0,15,F0738.MID4.MID7,,md,3
F0105/MID6,F0105/MID3,ms,F0105,F0105,97,0,12,F0105.MID6.MID3,,ms,2
F0303/MID9,F0303/MID8,md,F0303,F0303,284,0,4,F0303.MID9.MID8,,md,3
F0130/MID3,F0130/MID5,fs,F0130,F0130,122,0,36,F0130.MID3.MID5,,fs,0
F0838/MID1,F0838/MID5,ms,F0838,F0838,792,0,32,F0838.MID1.MID5,,ms,2
F0727/MID1,F0727/MID2,fd,F0727,F0727,683,0,25,F0727.MID1.MID2,,fd,1
F0416/MID3,F0416/MID4,ms,F0416,F0416,388,0,11,F0416.MID3.MID4,,ms,2
F0296/MID3,F0296/MID2,md,F0296,F0296,277,0,26,F0296.MID3.MID2,,md,3
F0991/MID19,F0991/MID11,ms,F0991,F0991,943,0,1,F0991.MID19.MID11,,ms,2
F0701/MID6,F0701/MID9,fs,F0701,F0701,660,0,2,F0701.MID6.MID9,,fs,0
F0661/MID1,F0661/MID3,fd,F0661,F0661,622,0,120,F0661.MID1.MID3,,fd,1
F0084/MID4,F0084/MID2,fd,F0084,F0084,77,0,24,F0084.MID4.MID2,,fd,1
F0368/MID2,F0368/MID7,fd,F0368,F0368,345,0,3,F0368.MID2.MID7,,fd,1
F0991/MID9,F0991/MID1,ms,F0991,F0991,943,0,22,F0991.MID9.MID1,,ms,2
F0319/MID1,F0319/MID3,md,F0319,F0319,298,0,16,F0319.MID1.MID3,,md,3
F0327/MID3,F0327/MID6,fs,F0327,F0327,306,0,4,F0327.MID3.MID6,,fs,0
F0437/MID3,F0437/MID1,md,F0437,F0437,409,0,5,F0437.MID3.MID1,,md,3
F0105/MID1,F0105/MID3,fs,F0105,F0105,97,0,60,F0105.MID1.MID3,,fs,0
F0270/MID3,F0270/MID2,fd,F0270,F0270,253,0,16,F0270.MID3.MID2,,fd,1
F0966/MID1,F0966/MID4,fd,F0966,F0966,918,0,40,F0966.MID1.MID4,,fd,1
F0631/MID5,F0631/MID1,fd,F0631,F0631,593,0,27,F0631.MID5.MID1,,fd,1
F0141/MID1,F0141/MID6,fs,F0141,F0141,132,0,40,F0141.MID1.MID6,,fs,0
F0234/MID1,F0234/MID3,fs,F0234,F0234,219,0,40,F0234.MID1.MID3,,fs,0
F0004/MID3,F0004/MID4,md,F0004,F0004,3,0,40,F0004.MID3.MID4,,md,3
F0795/MID2,F0795/MID1,ms,F0795,F0795,749,0,48,F0795.MID2.MID1,,ms,2
F0173/MID1,F0173/MID5,fs,F0173,F0173,164,0,84,F0173.MID1.MID5,,fs,0
F0911/MID5,F0911/MID6,fd,F0911,F0911,864,0,4,F0911.MID5.MID6,,fd,1
F0439/MID2,F0439/MID6,md,F0439,F0439,411,0,35,F0439.MID2.MID6,,md,3
F0711/MID2,F0711/MID1,fd,F0711,F0711,667,0,160,F0711.MID2.MID1,,fd,1
F0717/MID4,F0717/MID3,md,F0717,F0717,673,0,9,F0717.MID4.MID3,,md,3
F0868/MID1,F0868/MID2,fs,F0868,F0868,821,0,81,F0868.MID1.MID2,,fs,0
F0992/MID12,F0992/MID2,fs,F0992,F0992,944,0,126,F0992.MID12.MID2,,fs,0
F0288/MID2,F0288/MID3,md,F0288,F0288,270,0,9,F0288.MID2.MID3,,md,3
F0664/MID8,F0664/MID7,md,F0664,F0664,625,0,2,F0664.MID8.MID7,,md,3
F0254/MID3,F0254/MID5,md,F0254,F0254,239,0,3,F0254.MID3.MID5,,md,3
F0714/MID2,F0714/MID3,md,F0714,F0714,670,0,70,F0714.MID2.MID3,,md,3
F0683/MID2,F0683/MID3,fd,F0683,F0683,643,0,20,F0683.MID2.MID3,,fd,1
F0237/MID4,F0237/MID2,fd,F0237,F0237,222,0,20,F0237.MID4.MID2,,fd,1
F0601/MID2,F0601/MID5,ms,F0601,F0601,565,0,5810,F0601.MID2.MID5,,ms,2
F0947/MID3,F0947/MID1,fd,F0947,F0947,899,0,49,F0947.MID3.MID1,,fd,1
F0128/MID2,F0128/MID7,ms,F0128,F0128,120,0,42,F0128.MID2.MID7,,ms,2
F0402/MID2,F0402/MID3,md,F0402,F0402,374,0,30,F0402.MID2.MID3,,md,3
F0295/MID5,F0295/MID6,fd,F0295,F0295,276,0,15,F0295.MID5.MID6,,fd,1
F0964/MID3,F0964/MID2,fs,F0964,F0964,916,0,27,F0964.MID3.MID2,,fs,0
F0598/MID6,F0598/MID1,ms,F0598,F0598,562,0,11,F0598.MID6.MID1,,ms,2
F0392/MID2,F0392/MID3,md,F0392,F0392,367,0,35,F0392.MID2.MID3,,md,3
F0770/MID5,F0770/MID2,md,F0770,F0770,726,0,18,F0770.MID5.MID2,,md,3
F0086/MID2,F0086/MID3,md,F0086,F0086,79,0,50,F0086.MID2.MID3,,md,3
F0001/MID2,F0001/MID4,ms,F0001,F0001,0,0,15,F0001.MID2.MID4,,ms,2
F0425/MID1,F0425/MID3,fs,F0425,F0425,397,0,696,F0425.MID1.MID3,,fs,0
F0542/MID4,F0542/MID7,fd,F0542,F0542,509,0,15,F0542.MID4.MID7,,fd,1
F0209/MID1,F0209/MID3,fs,F0209,F0209,197,0,6,F0209.MID1.MID3,,fs,0
F1017/MID1,F1017/MID3,fs,F1017,F1017,961,0,12,F1017.MID1.MID3,,fs,0
F0451/MID2,F0451/MID1,fs,F0451,F0451,423,0,4,F0451.MID2.MID1,,fs,0
F0588/MID1,F0588/MID4,ms,F0588,F0588,553,0,30,F0588.MID1.MID4,,ms,2
F0992/MID3,F0992/MID14,md,F0992,F0992,944,0,26,F0992.MID3.MID14,,md,3
F0704/MID1,F0704/MID4,fd,F0704,F0704,663,0,24,F0704.MID1.MID4,,fd,1
F0439/MID7,F0439/MID1,ms,F0439,F0439,411,0,18,F0439.MID7.MID1,,ms,2
F0798/MID1,F0798/MID4,md,F0798,F0798,752,0,30,F0798.MID1.MID4,,md,3
F0601/MID1,F0601/MID5,fs,F0601,F0601,565,0,1960,F0601.MID1.MID5,,fs,0
F1007/MID1,F1007/MID4,fd,F1007,F1007,958,0,40,F1007.MID1.MID4,,fd,1
F0128/MID2,F0128/MID5,ms,F0128,F0128,120,0,70,F0128.MID2.MID5,,ms,2
F0646/MID1,F0646/MID5,ms,F0646,F0646,607,0,63,F0646.MID1.MID5,,ms,2
F0770/MID1,F0770/MID3,fd,F0770,F0770,726,0,7,F0770.MID1.MID3,,fd,1
F0020/MID9,F0020/MID2,md,F0020,F0020,17,0,2,F0020.MID9.MID2,,md,3
F0664/MID9,F0664/MID6,fs,F0664,F0664,625,0,1,F0664.MID9.MID6,,fs,0
F0325/MID13,F0325/MID14,fs,F0325,F0325,304,0,1,F0325.MID13.MID14,,fs,0
F0339/MID1,F0339/MID4,fd,F0339,F0339,317,0,60,F0339.MID1.MID4,,fd,1
F0061/MID6,F0061/MID7,fs,F0061,F0061,54,0,1,F0061.MID6.MID7,,fs,0
F0262/MID1,F0262/MID6,fd,F0262,F0262,246,0,72,F0262.MID1.MID6,,fd,1
F0749/MID2,F0749/MID3,fs,F0749,F0749,705,0,24,F0749.MID2.MID3,,fs,0
F0661/MID4,F0661/MID3,md,F0661,F0661,622,0,64,F0661.MID4.MID3,,md,3
F0372/MID1,F0372/MID4,fd,F0372,F0372,348,0,60,F0372.MID1.MID4,,fd,1
F0618/MID5,F0618/MID3,fd,F0618,F0618,581,0,2,F0618.MID5.MID3,,fd,1
F0467/MID2,F0467/MID3,fd,F0467,F0467,437,0,8,F0467.MID2.MID3,,fd,1
F0293/MID4,F0293/MID2,md,F0293,F0293,274,0,16,F0293.MID4.MID2,,md,3
F0325/MID2,F0325/MID11,md,F0325,F0325,304,0,6,F0325.MID2.MID11,,md,3
F0918/MID6,F0918/MID4,ms,F0918,F0918,870,0,15,F0918.MID6.MID4,,ms,2
F0188/MID3,F0188/MID1,ms,F0188,F0188,177,0,10,F0188.MID3.MID1,,ms,2
F0561/MID4,F0561/MID5,md,F0561,F0561,527,0,4,F0561.MID4.MID5,,md,3
F0886/MID4,F0886/MID7,fs,F0886,F0886,839,0,3,F0886.MID4.MID7,,fs,0
F0081/MID2,F0081/MID8,md,F0081,F0081,74,0,14,F0081.MID2.MID8,,md,3
F0501/MID2,F0501/MID3,md,F0501,F0501,468,0,35,F0501.MID2.MID3,,md,3
F0701/MID1,F0701/MID8,ms,F0701,F0701,660,0,27,F0701.MID1.MID8,,ms,2
F0672/MID6,F0672/MID3,ms,F0672,F0672,632,0,15,F0672.MID6.MID3,,ms,2
F0467/MID1,F0467/MID3,md,F0467,F0467,437,0,32,F0467.MID1.MID3,,md,3
F0291/MID1,F0291/MID4,ms,F0291,F0291,273,0,20,F0291.MID1.MID4,,ms,2
F0585/MID2,F0585/MID1,md,F0585,F0585,550,0,8,F0585.MID2.MID1,,md,3
F0742/MID6,F0742/MID7,ms,F0742,F0742,698,0,8,F0742.MID6.MID7,,ms,2
F0326/MID2,F0326/MID5,md,F0326,F0326,305,0,24,F0326.MID2.MID5,,md,3
F0076/MID1,F0076/MID4,ms,F0076,F0076,69,0,48,F0076.MID1.MID4,,ms,2
F0641/MID1,F0641/MID3,fs,F0641,F0641,602,0,16,F0641.MID1.MID3,,fs,0
F0425/MID5,F0425/MID1,ms,F0425,F0425,397,0,145,F0425.MID5.MID1,,ms,2
F0506/MID2,F0506/MID3,ms,F0506,F0506,473,0,30,F0506.MID2.MID3,,ms,2
F0651/MID2,F0651/MID4,md,F0651,F0651,612,0,5,F0651.MID2.MID4,,md,3
F0991/MID1,F0991/MID5,fd,F0991,F0991,943,0,88,F0991.MID1.MID5,,fd,1
F0560/MID2,F0560/MID3,ms,F0560,F0560,526,0,60,F0560.MID2.MID3,,ms,2
F0613/MID4,F0613/MID5,fd,F0613,F0613,576,0,1,F0613.MID4.MID5,,fd,1
F0540/MID1,F0540/MID2,fs,F0540,F0540,507,0,24,F0540.MID1.MID2,,fs,0
F0066/MID1,F0066/MID4,fd,F0066,F0066,59,0,66,F0066.MID1.MID4,,fd,1
F0212/MID1,F0212/MID2,fd,F0212,F0212,200,0,48,F0212.MID1.MID2,,fd,1
F0961/MID1,F0961/MID6,fs,F0961,F0961,913,0,24,F0961.MID1.MID6,,fs,0
F0054/MID1,F0054/MID3,fs,F0054,F0054,49,0,80,F0054.MID1.MID3,,fs,0
F0540/MID2,F0540/MID3,fs,F0540,F0540,507,0,4,F0540.MID2.MID3,,fs,0
F1002/MID2,F1002/MID3,ms,F1002,F1002,954,0,77,F1002.MID2.MID3,,ms,2
F0116/MID4,F0116/MID3,ms,F0116,F0116,108,0,6,F0116.MID4.MID3,,ms,2
F0976/MID1,F0976/MID6,fs,F0976,F0976,928,0,57,F0976.MID1.MID6,,fs,0
F0602/MID4,F0602/MID8,md,F0602,F0602,566,0,12,F0602.MID4.MID8,,md,3
F0174/MID3,F0174/MID4,md,F0174,F0174,165,0,24,F0174.MID3.MID4,,md,3
F0590/MID8,F0590/MID1,fd,F0590,F0590,555,0,22,F0590.MID8.MID1,,fd,1
F0105/MID1,F0105/MID4,fs,F0105,F0105,97,0,60,F0105.MID1.MID4,,fs,0
F0696/MID4,F0696/MID6,ms,F0696,F0696,656,0,36,F0696.MID4.MID6,,ms,2
F0942/MID2,F0942/MID3,md,F0942,F0942,894,0,27,F0942.MID2.MID3,,md,3
F0954/MID2,F0954/MID3,ms,F0954,F0954,906,0,56,F0954.MID2.MID3,,ms,2
F0961/MID7,F0961/MID6,ms,F0961,F0961,913,0,8,F0961.MID7.MID6,,ms,2
F0622/MID3,F0622/MID1,ms,F0622,F0622,584,0,64,F0622.MID3.MID1,,ms,2
F0878/MID2,F0878/MID5,md,F0878,F0878,831,0,8,F0878.MID2.MID5,,md,3
F0897/MID3,F0897/MID4,ms,F0897,F0897,850,0,2,F0897.MID3.MID4,,ms,2
F0802/MID6,F0802/MID1,fs,F0802,F0802,756,0,4,F0802.MID6.MID1,,fs,0
F0377/MID2,F0377/MID6,fs,F0377,F0377,353,0,7,F0377.MID2.MID6,,fs,0
F0387/MID1,F0387/MID5,md,F0387,F0387,362,0,16,F0387.MID1.MID5,,md,3
F0035/MID1,F0035/MID2,fs,F0035,F0035,30,0,54,F0035.MID1.MID2,,fs,0
F0362/MID1,F0362/MID5,fs,F0362,F0362,339,0,32,F0362.MID1.MID5,,fs,0
F0590/MID2,F0590/MID4,fd,F0590,F0590,555,0,10,F0590.MID2.MID4,,fd,1
F0327/MID3,F0327/MID4,fd,F0327,F0327,306,0,4,F0327.MID3.MID4,,fd,1
F0918/MID1,F0918/MID4,fs,F0918,F0918,870,0,45,F0918.MID1.MID4,,fs,0
F0297/MID2,F0297/MID3,fd,F0297,F0297,278,0,48,F0297.MID2.MID3,,fd,1
F0985/MID2,F0985/MID3,md,F0985,F0985,937,0,7,F0985.MID2.MID3,,md,3
F0156/MID2,F0156/MID5,ms,F0156,F0156,147,0,3,F0156.MID2.MID5,,ms,2
F0013/MID3,F0013/MID6,fs,F0013,F0013,12,0,2,F0013.MID3.MID6,,fs,0
F0494/MID2,F0494/MID4,md,F0494,F0494,463,0,49,F0494.MID2.MID4,,md,3
F0552/MID7,F0552/MID10,ms,F0552,F0552,519,0,1,F0552.MID7.MID10,,ms,2
F0216/MID2,F0216/MID4,ms,F0216,F0216,204,0,12,F0216.MID2.MID4,,ms,2
F0117/MID2,F0117/MID3,ms,F0117,F0117,109,0,18,F0117.MID2.MID3,,ms,2
F0150/MID1,F0150/MID3,fs,F0150,F0150,141,0,12,F0150.MID1.MID3,,fs,0
F0848/MID5,F0848/MID2,md,F0848,F0848,802,0,70,F0848.MID5.MID2,,md,3
F0579/MID1,F0579/MID3,ms,F0579,F0579,544,0,8,F0579.MID1.MID3,,ms,2
F0284/MID3,F0284/MID1,md,F0284,F0284,266,0,54,F0284.MID3.MID1,,md,3
F0209/MID1,F0209/MID4,fs,F0209,F0209,197,0,6,F0209.MID1.MID4,,fs,0
F0598/MID5,F0598/MID4,md,F0598,F0598,562,0,40,F0598.MID5.MID4,,md,3
F0565/MID2,F0565/MID4,md,F0565,F0565,531,0,15,F0565.MID2.MID4,,md,3
F0073/MID7,F0073/MID5,fs,F0073,F0073,66,0,15,F0073.MID7.MID5,,fs,0
F0466/MID1,F0466/MID4,fd,F0466,F0466,436,0,16,F0466.MID1.MID4,,fd,1
F0845/MID2,F0845/MID3,md,F0845,F0845,799,0,36,F0845.MID2.MID3,,md,3
F1007/MID1,F1007/MID7,fs,F1007,F1007,958,0,48,F1007.MID1.MID7,,fs,0
F0506/MID1,F0506/MID4,fs,F0506,F0506,473,0,63,F0506.MID1.MID4,,fs,0
F0576/MID3,F0576/MID4,md,F0576,F0576,542,0,63,F0576.MID3.MID4,,md,3
F0992/MID2,F0992/MID14,fd,F0992,F0992,944,0,28,F0992.MID2.MID14,,fd,1
F0592/MID2,F0592/MID3,ms,F0592,F0592,557,0,36,F0592.MID2.MID3,,ms,2
F0326/MID2,F0326/MID6,md,F0326,F0326,305,0,20,F0326.MID2.MID6,,md,3
F0208/MID1,F0208/MID3,fs,F0208,F0208,196,0,20,F0208.MID1.MID3,,fs,0
F0066/MID2,F0066/MID5,md,F0066,F0066,59,0,99,F0066.MID2.MID5,,md,3
F0778/MID4,F0778/MID3,ms,F0778,F0778,733,0,5,F0778.MID4.MID3,,ms,2
F0763/MID1,F0763/MID5,fs,F0763,F0763,719,0,39,F0763.MID1.MID5,,fs,0
F0315/MID4,F0315/MID2,fs,F0315,F0315,294,0,3,F0315.MID4.MID2,,fs,0
F0976/MID2,F0976/MID4,ms,F0976,F0976,928,0,10,F0976.MID2.MID4,,ms,2
F0229/MID2,F0229/MID3,md,F0229,F0229,215,0,63,F0229.MID2.MID3,,md,3
F0549/MID4,F0549/MID2,ms,F0549,F0549,516,0,18,F0549.MID4.MID2,,ms,2
F0622/MID2,F0622/MID1,fs,F0622,F0622,584,0,176,F0622.MID2.MID1,,fs,0
F0974/MID1,F0974/MID5,fd,F0974,F0974,926,0,36,F0974.MID1.MID5,,fd,1
F0337/MID4,F0337/MID5,ms,F0337,F0337,315,0,1,F0337.MID4.MID5,,ms,2
F0980/MID1,F0980/MID2,md,F0980,F0980,932,0,70,F0980.MID1.MID2,,md,3
F0326/MID4,F0326/MID5,fd,F0326,F0326,305,0,12,F0326.MID4.MID5,,fd,1
F0915/MID4,F0915/MID6,ms,F0915,F0915,867,0,4,F0915.MID4.MID6,,ms,2
F0730/MID3,F0730/MID1,fs,F0730,F0730,686,0,24,F0730.MID3.MID1,,fs,0
F0403/MID2,F0403/MID5,md,F0403,F0403,375,0,7,F0403.MID2.MID5,,md,3
F0253/MID1,F0253/MID4,ms,F0253,F0253,238,0,8,F0253.MID1.MID4,,ms,2
F0325/MID2,F0325/MID3,md,F0325,F0325,304,0,24,F0325.MID2.MID3,,md,3
F0956/MID1,F0956/MID3,fd,F0956,F0956,908,0,45,F0956.MID1.MID3,,fd,1
F0708/MID3,F0708/MID8,md,F0708,F0708,665,0,32,F0708.MID3.MID8,,md,3
F0325/MID4,F0325/MID5,fd,F0325,F0325,304,0,12,F0325.MID4.MID5,,fd,1
F0885/MID5,F0885/MID1,fs,F0885,F0885,838,0,40,F0885.MID5.MID1,,fs,0
F0932/MID1,F0932/MID2,md,F0932,F0932,884,0,60,F0932.MID1.MID2,,md,3
F0377/MID2,F0377/MID7,fd,F0377,F0377,353,0,7,F0377.MID2.MID7,,fd,1
F0378/MID2,F0378/MID1,fs,F0378,F0378,354,0,2,F0378.MID2.MID1,,fs,0
F0477/MID1,F0477/MID4,fd,F0477,F0477,447,0,10,F0477.MID1.MID4,,fd,1
F0743/MID4,F0743/MID1,md,F0743,F0743,699,0,24,F0743.MID4.MID1,,md,3
F0911/MID1,F0911/MID3,fs,F0911,F0911,864,0,45,F0911.MID1.MID3,,fs,0
F0508/MID1,F0508/MID2,fs,F0508,F0508,475,0,63,F0508.MID1.MID2,,fs,0
F0918/MID6,F0918/MID5,ms,F0918,F0918,870,0,12,F0918.MID6.MID5,,ms,2
F0163/MID2,F0163/MID5,ms,F0163,F0163,154,0,40,F0163.MID2.MID5,,ms,2
F0742/MID8,F0742/MID3,md,F0742,F0742,698,0,6,F0742.MID8.MID3,,md,3
F0388/MID1,F0388/MID5,fd,F0388,F0388,363,0,32,F0388.MID1.MID5,,fd,1
F0098/MID1,F0098/MID3,fd,F0098,F0098,91,0,80,F0098.MID1.MID3,,fd,1
F0439/MID2,F0439/MID5,ms,F0439,F0439,411,0,35,F0439.MID2.MID5,,ms,2
F0774/MID1,F0774/MID4,fs,F0774,F0774,729,0,54,F0774.MID1.MID4,,fs,0
F0895/MID1,F0895/MID4,fd,F0895,F0895,848,0,50,F0895.MID1.MID4,,fd,1
F0971/MID1,F0971/MID5,ms,F0971,F0971,923,0,18,F0971.MID1.MID5,,ms,2
F0771/MID1,F0771/MID6,fs,F0771,F0771,727,0,88,F0771.MID1.MID6,,fs,0
F0206/MID2,F0206/MID13,ms,F0206,F0206,194,0,42,F0206.MID2.MID13,,ms,2
F0742/MID1,F0742/MID7,fs,F0742,F0742,698,0,16,F0742.MID1.MID7,,fs,0
F0991/MID8,F0991/MID10,fs,F0991,F0991,943,0,1,F0991.MID8.MID10,,fs,0
F0673/MID1,F0673/MID5,fs,F0673,F0673,633,0,4,F0673.MID1.MID5,,fs,0
F0116/MID4,F0116/MID2,ms,F0116,F0116,108,0,12,F0116.MID4.MID2,,ms,2
F0192/MID1,F0192/MID3,fd,F0192,F0192,181,0,20,F0192.MID1.MID3,,fd,1
F0926/MID2,F0926/MID3,ms,F0926,F0926,878,0,12,F0926.MID2.MID3,,ms,2
F0922/MID1,F0922/MID4,fd,F0922,F0922,874,0,24,F0922.MID1.MID4,,fd,1
F0966/MID2,F0966/MID4,md,F0966,F0966,918,0,8,F0966.MID2.MID4,,md,3
F0760/MID1,F0760/MID3,fs,F0760,F0760,716,0,60,F0760.MID1.MID3,,fs,0
F0465/MID3,F0465/MID2,md,F0465,F0465,435,0,7,F0465.MID3.MID2,,md,3
F0136/MID1,F0136/MID2,fs,F0136,F0136,128,0,16,F0136.MID1.MID2,,fs,0
F0464/MID2,F0464/MID3,md,F0464,F0464,434,0,9,F0464.MID2.MID3,,md,3
F0010/MID2,F0010/MID3,ms,F0010,F0010,9,0,80,F0010.MID2.MID3,,ms,2
F0545/MID1,F0545/MID4,fd,F0545,F0545,512,0,88,F0545.MID1.MID4,,fd,1
F0228/MID1,F0228/MID4,fd,F0228,F0228,214,0,10,F0228.MID1.MID4,,fd,1
F0262/MID2,F0262/MID5,md,F0262,F0262,246,0,50,F0262.MID2.MID5,,md,3
F0978/MID6,F0978/MID1,fd,F0978,F0978,930,0,6,F0978.MID6.MID1,,fd,1
F0972/MID1,F0972/MID3,ms,F0972,F0972,924,0,27,F0972.MID1.MID3,,ms,2
F0214/MID4,F0214/MID2,ms,F0214,F0214,202,0,8,F0214.MID4.MID2,,ms,2
F0874/MID1,F0874/MID5,fd,F0874,F0874,827,0,40,F0874.MID1.MID5,,fd,1
F0973/MID3,F0973/MID4,fd,F0973,F0973,925,0,3,F0973.MID3.MID4,,fd,1
F0849/MID2,F0849/MID1,md,F0849,F0849,803,0,90,F0849.MID2.MID1,,md,3
F1005/MID1,F1005/MID4,fs,F1005,F1005,957,0,45,F1005.MID1.MID4,,fs,0
F0646/MID1,F0646/MID6,md,F0646,F0646,607,0,36,F0646.MID1.MID6,,md,3
F0960/MID1,F0960/MID3,fd,F0960,F0960,912,0,80,F0960.MID1.MID3,,fd,1
F0118/MID2,F0118/MID7,ms,F0118,F0118,110,0,299,F0118.MID2.MID7,,ms,2
F0956/MID5,F0956/MID3,md,F0956,F0956,908,0,10,F0956.MID5.MID3,,md,3
F0254/MID3,F0254/MID1,ms,F0254,F0254,239,0,9,F0254.MID3.MID1,,ms,2
F0380/MID5,F0380/MID6,fs,F0380,F0380,356,0,4,F0380.MID5.MID6,,fs,0
F0013/MID1,F0013/MID9,fs,F0013,F0013,12,0,20,F0013.MID1.MID9,,fs,0
F0294/MID1,F0294/MID4,ms,F0294,F0294,275,0,18,F0294.MID1.MID4,,ms,2
F0780/MID2,F0780/MID1,fd,F0780,F0780,735,0,60,F0780.MID2.MID1,,fd,1
F0293/MID5,F0293/MID3,fs,F0293,F0293,274,0,20,F0293.MID5.MID3,,fs,0
F0733/MID2,F0733/MID5,md,F0733,F0733,689,0,5,F0733.MID2.MID5,,md,3
F0738/MID1,F0738/MID2,md,F0738,F0738,694,0,49,F0738.MID1.MID2,,md,3
F0561/MID3,F0561/MID1,fs,F0561,F0561,527,0,4,F0561.MID3.MID1,,fs,0
F0291/MID3,F0291/MID1,md,F0291,F0291,273,0,10,F0291.MID3.MID1,,md,3
F0105/MID2,F0105/MID5,ms,F0105,F0105,97,0,24,F0105.MID2.MID5,,ms,2
F0708/MID1,F0708/MID3,fd,F0708,F0708,665,0,288,F0708.MID1.MID3,,fd,1
F0726/MID2,F0726/MID4,fs,F0726,F0726,682,0,15,F0726.MID2.MID4,,fs,0
F0601/MID6,F0601/MID33,fd,F0601,F0601,565,0,1744,F0601.MID6.MID33,,fd,1
F0467/MID3,F0467/MID6,md,F0467,F0467,437,0,4,F0467.MID3.MID6,,md,3
F0081/MID1,F0081/MID8,fd,F0081,F0081,74,0,12,F0081.MID1.MID8,,fd,1
F0138/MID6,F0138/MID2,ms,F0138,F0138,130,0,1,F0138.MID6.MID2,,ms,2
F0878/MID1,F0878/MID4,fd,F0878,F0878,831,0,30,F0878.MID1.MID4,,fd,1
F0090/MID1,F0090/MID2,fd,F0090,F0090,83,0,114,F0090.MID1.MID2,,fd,1
F0687/MID4,F0687/MID2,ms,F0687,F0687,647,0,12,F0687.MID4.MID2,,ms,2
F0610/MID6,F0610/MID7,md,F0610,F0610,573,0,1,F0610.MID6.MID7,,md,3
F0257/MID4,F0257/MID1,ms,F0257,F0257,242,0,24,F0257.MID4.MID1,,ms,2
F0987/MID8,F0987/MID9,fs,F0987,F0987,939,0,51,F0987.MID8.MID9,,fs,0
F0773/MID5,F0773/MID2,fs,F0773,F0773,728,0,6,F0773.MID5.MID2,,fs,0
F0338/MID1,F0338/MID2,fd,F0338,F0338,316,0,32,F0338.MID1.MID2,,fd,1
F0302/MID1,F0302/MID4,md,F0302,F0302,283,0,42,F0302.MID1.MID4,,md,3
F0188/MID4,F0188/MID5,md,F0188,F0188,177,0,15,F0188.MID4.MID5,,md,3
F0264/MID6,F0264/MID2,ms,F0264,F0264,248,0,1,F0264.MID6.MID2,,ms,2
F0393/MID1,F0393/MID6,fs,F0393,F0393,368,0,5,F0393.MID1.MID6,,fs,0
F0444/MID2,F0444/MID3,md,F0444,F0444,416,0,40,F0444.MID2.MID3,,md,3
F0229/MID5,F0229/MID1,fs,F0229,F0229,215,0,4,F0229.MID5.MID1,,fs,0
F1013/MID2,F1013/MID5,ms,F1013,F1013,959,0,54,F1013.MID2.MID5,,ms,2
F0473/MID2,F0473/MID6,fd,F0473,F0473,443,0,21,F0473.MID2.MID6,,fd,1
F0195/MID3,F0195/MID1,fs,F0195,F0195,184,0,12,F0195.MID3.MID1,,fs,0
F0642/MID6,F0642/MID1,fs,F0642,F0642,603,0,72,F0642.MID6.MID1,,fs,0
F0798/MID2,F0798/MID6,fd,F0798,F0798,752,0,5,F0798.MID2.MID6,,fd,1
F0173/MID3,F0173/MID7,ms,F0173,F0173,164,0,30,F0173.MID3.MID7,,ms,2
F0954/MID1,F0954/MID4,fs,F0954,F0954,906,0,66,F0954.MID1.MID4,,fs,0
F0822/MID2,F0822/MID4,fs,F0822,F0822,776,0,1,F0822.MID2.MID4,,fs,0
F0703/MID1,F0703/MID7,fs,F0703,F0703,662,0,5,F0703.MID1.MID7,,fs,0
F0338/MID1,F0338/MID4,fd,F0338,F0338,316,0,8,F0338.MID1.MID4,,fd,1
F0937/MID1,F0937/MID5,fd,F0937,F0937,889,0,20,F0937.MID1.MID5,,fd,1
F0387/MID7,F0387/MID1,md,F0387,F0387,362,0,16,F0387.MID7.MID1,,md,3
F0601/MID16,F0601/MID41,md,F0601,F0601,565,0,24,F0601.MID16.MID41,,md,3
F0664/MID1,F0664/MID3,md,F0664,F0664,625,0,45,F0664.MID1.MID3,,md,3
F0928/MID2,F0928/MID3,md,F0928,F0928,880,0,28,F0928.MID2.MID3,,md,3
F0009/MID7,F0009/MID1,ms,F0009,F0009,8,0,294,F0009.MID7.MID1,,ms,2
F0984/MID2,F0984/MID6,ms,F0984,F0984,936,0,49,F0984.MID2.MID6,,ms,2
F0372/MID2,F0372/MID3,md,F0372,F0372,348,0,50,F0372.MID2.MID3,,md,3
F0142/MID7,F0142/MID3,md,F0142,F0142,133,0,7,F0142.MID7.MID3,,md,3
F0600/MID1,F0600/MID3,fs,F0600,F0600,564,0,105,F0600.MID1.MID3,,fs,0
F0029/MID1,F0029/MID3,fd,F0029,F0029,24,0,16,F0029.MID1.MID3,,fd,1
F0998/MID6,F0998/MID1,ms,F0998,F0998,950,0,2,F0998.MID6.MID1,,ms,2
F0695/MID3,F0695/MID5,fd,F0695,F0695,655,0,5,F0695.MID3.MID5,,fd,1
F0251/MID7,F0251/MID3,ms,F0251,F0251,236,0,3,F0251.MID7.MID3,,ms,2
F0851/MID1,F0851/MID3,fd,F0851,F0851,805,0,20,F0851.MID1.MID3,,fd,1
F0702/MID7,F0702/MID2,fs,F0702,F0702,661,0,2,F0702.MID7.MID2,,fs,0
F0918/MID7,F0918/MID1,ms,F0918,F0918,870,0,9,F0918.MID7.MID1,,ms,2
F0804/MID4,F0804/MID1,fd,F0804,F0804,758,0,40,F0804.MID4.MID1,,fd,1
F0529/MID2,F0529/MID1,fs,F0529,F0529,496,0,51,F0529.MID2.MID1,,fs,0
F0878/MID2,F0878/MID4,md,F0878,F0878,831,0,24,F0878.MID2.MID4,,md,3
F0029/MID2,F0029/MID7,md,F0029,F0029,24,0,24,F0029.MID2.MID7,,md,3
F0202/MID2,F0202/MID3,md,F0202,F0202,191,0,24,F0202.MID2.MID3,,md,3
F1002/MID2,F1002/MID5,md,F1002,F1002,954,0,77,F1002.MID2.MID5,,md,3
F0842/MID3,F0842/MID4,md,F0842,F0842,796,0,8,F0842.MID3.MID4,,md,3
F0760/MID2,F0760/MID3,ms,F0760,F0760,716,0,36,F0760.MID2.MID3,,ms,2
F0940/MID1,F0940/MID5,fd,F0940,F0940,892,0,10,F0940.MID1.MID5,,fd,1
F0004/MID1,F0004/MID6,fs,F0004,F0004,3,0,54,F0004.MID1.MID6,,fs,0
F0971/MID4,F0971/MID5,fs,F0971,F0971,923,0,4,F0971.MID4.MID5,,fs,0
F0718/MID2,F0718/MID4,ms,F0718,F0718,674,0,36,F0718.MID2.MID4,,ms,2
F0090/MID13,F0090/MID1,ms,F0090,F0090,83,0,38,F0090.MID13.MID1,,ms,2
F0289/MID4,F0289/MID2,md,F0289,F0289,271,0,36,F0289.MID4.MID2,,md,3
F0208/MID2,F0208/MID3,ms,F0208,F0208,196,0,20,F0208.MID2.MID3,,ms,2
F0294/MID2,F0294/MID4,fs,F0294,F0294,275,0,10,F0294.MID2.MID4,,fs,0
F0571/MID1,F0571/MID2,fd,F0571,F0571,537,0,70,F0571.MID1.MID2,,fd,1
F0993/MID5,F0993/MID2,fs,F0993,F0993,945,0,18,F0993.MID5.MID2,,fs,0
F0955/MID7,F0955/MID2,fs,F0955,F0955,907,0,5,F0955.MID7.MID2,,fs,0
F0746/MID3,F0746/MID4,md,F0746,F0746,702,0,6,F0746.MID3.MID4,,md,3
F0639/MID2,F0639/MID1,md,F0639,F0639,601,0,1,F0639.MID2.MID1,,md,3
F0548/MID2,F0548/MID3,md,F0548,F0548,515,0,60,F0548.MID2.MID3,,md,3
F0206/MID3,F0206/MID9,fd,F0206,F0206,194,0,52,F0206.MID3.MID9,,fd,1
F0579/MID1,F0579/MID2,ms,F0579,F0579,544,0,16,F0579.MID1.MID2,,ms,2
F0987/MID6,F0987/MID11,md,F0987,F0987,939,0,44,F0987.MID6.MID11,,md,3
F0821/MID1,F0821/MID9,fd,F0821,F0821,775,0,18,F0821.MID1.MID9,,fd,1
F0974/MID2,F0974/MID3,md,F0974,F0974,926,0,56,F0974.MID2.MID3,,md,3
F0544/MID4,F0544/MID2,ms,F0544,F0544,511,0,4,F0544.MID4.MID2,,ms,2
F0197/MID1,F0197/MID4,md,F0197,F0197,186,0,80,F0197.MID1.MID4,,md,3
F0937/MID1,F0937/MID2,fs,F0937,F0937,889,0,30,F0937.MID1.MID2,,fs,0
F0096/MID2,F0096/MID1,fs,F0096,F0096,89,0,54,F0096.MID2.MID1,,fs,0
F0658/MID1,F0658/MID3,fs,F0658,F0658,619,0,33,F0658.MID1.MID3,,fs,0
F0305/MID3,F0305/MID2,ms,F0305,F0305,286,0,21,F0305.MID3.MID2,,ms,2
F0690/MID2,F0690/MID9,md,F0690,F0690,650,0,3,F0690.MID2.MID9,,md,3
F0066/MID1,F0066/MID5,fd,F0066,F0066,59,0,99,F0066.MID1.MID5,,fd,1
F0528/MID1,F0528/MID4,fs,F0528,F0528,495,0,126,F0528.MID1.MID4,,fs,0
F0307/MID4,F0307/MID5,fs,F0307,F0307,287,0,50,F0307.MID4.MID5,,fs,0
F0991/MID17,F0991/MID16,ms,F0991,F0991,943,0,1,F0991.MID17.MID16,,ms,2
F0550/MID2,F0550/MID1,fs,F0550,F0550,517,0,22,F0550.MID2.MID1,,fs,0
F0992/MID7,F0992/MID8,ms,F0992,F0992,944,0,20,F0992.MID7.MID8,,ms,2
F0673/MID4,F0673/MID1,ms,F0673,F0673,633,0,2,F0673.MID4.MID1,,ms,2
F0650/MID2,F0650/MID6,ms,F0650,F0650,611,0,6,F0650.MID2.MID6,,ms,2
F0432/MID6,F0432/MID5,md,F0432,F0432,404,0,12,F0432.MID6.MID5,,md,3
F0052/MID2,F0052/MID4,fd,F0052,F0052,47,0,6,F0052.MID2.MID4,,fd,1
F0922/MID2,F0922/MID3,ms,F0922,F0922,874,0,32,F0922.MID2.MID3,,ms,2
F0503/MID5,F0503/MID6,fd,F0503,F0503,470,0,1,F0503.MID5.MID6,,fd,1
F0579/MID9,F0579/MID4,fs,F0579,F0579,544,0,24,F0579.MID9.MID4,,fs,0
F0393/MID1,F0393/MID5,fs,F0393,F0393,368,0,5,F0393.MID1.MID5,,fs,0
F0537/MID2,F0537/MID4,md,F0537,F0537,504,0,48,F0537.MID2.MID4,,md,3
F0350/MID5,F0350/MID4,ms,F0350,F0350,327,0,7,F0350.MID5.MID4,,ms,2
F1018/MID2,F1018/MID3,fd,F1018,F1018,962,0,110,F1018.MID2.MID3,,fd,1
F0729/MID1,F0729/MID6,fd,F0729,F0729,685,0,120,F0729.MID1.MID6,,fd,1
F0442/MID5,F0442/MID1,md,F0442,F0442,414,0,36,F0442.MID5.MID1,,md,3
F0802/MID1,F0802/MID5,fd,F0802,F0802,756,0,16,F0802.MID1.MID5,,fd,1
F0036/MID6,F0036/MID7,ms,F0036,F0036,31,0,4,F0036.MID6.MID7,,ms,2
F0747/MID2,F0747/MID1,fd,F0747,F0747,703,0,28,F0747.MID2.MID1,,fd,1
F0188/MID1,F0188/MID5,fd,F0188,F0188,177,0,25,F0188.MID1.MID5,,fd,1
F0415/MID3,F0415/MID2,fs,F0415,F0415,387,0,18,F0415.MID3.MID2,,fs,0
F0664/MID9,F0664/MID1,fd,F0664,F0664,625,0,15,F0664.MID9.MID1,,fd,1
F0084/MID5,F0084/MID1,ms,F0084,F0084,77,0,24,F0084.MID5.MID1,,ms,2
F0289/MID4,F0289/MID5,md,F0289,F0289,271,0,16,F0289.MID4.MID5,,md,3
F0047/MID1,F0047/MID2,ms,F0047,F0047,42,0,66,F0047.MID1.MID2,,ms,2
F0081/MID2,F0081/MID7,ms,F0081,F0081,74,0,7,F0081.MID2.MID7,,ms,2
F0814/MID3,F0814/MID6,fs,F0814,F0814,768,0,8,F0814.MID3.MID6,,fs,0
F0113/MID1,F0113/MID2,fs,F0113,F0113,105,0,50,F0113.MID1.MID2,,fs,0
F0658/MID2,F0658/MID3,ms,F0658,F0658,619,0,18,F0658.MID2.MID3,,ms,2
F0951/MID2,F0951/MID3,ms,F0951,F0951,903,0,40,F0951.MID2.MID3,,ms,2
F0246/MID3,F0246/MID4,fd,F0246,F0246,231,0,3,F0246.MID3.MID4,,fd,1
F0174/MID1,F0174/MID7,fd,F0174,F0174,165,0,44,F0174.MID1.MID7,,fd,1
F0482/MID2,F0482/MID1,md,F0482,F0482,452,0,24,F0482.MID2.MID1,,md,3
F0192/MID1,F0192/MID4,fd,F0192,F0192,181,0,15,F0192.MID1.MID4,,fd,1
F0641/MID1,F0641/MID7,fs,F0641,F0641,602,0,8,F0641.MID1.MID7,,fs,0
F0740/MID3,F0740/MID5,fs,F0740,F0740,696,0,4,F0740.MID3.MID5,,fs,0
F0032/MID4,F0032/MID2,fs,F0032,F0032,27,0,30,F0032.MID4.MID2,,fs,0
F0001/MID2,F0001/MID3,ms,F0001,F0001,0,0,5,F0001.MID2.MID3,,ms,2
F0940/MID1,F0940/MID6,fd,F0940,F0940,892,0,10,F0940.MID1.MID6,,fd,1
F0327/MID7,F0327/MID3,fs,F0327,F0327,306,0,2,F0327.MID7.MID3,,fs,0
F0038/MID1,F0038/MID2,fd,F0038,F0038,33,0,96,F0038.MID1.MID2,,fd,1
F0104/MID2,F0104/MID7,fs,F0104,F0104,96,0,9,F0104.MID2.MID7,,fs,0
F0844/MID1,F0844/MID2,fd,F0844,F0844,798,0,64,F0844.MID1.MID2,,fd,1
F0645/MID4,F0645/MID1,fs,F0645,F0645,606,0,8,F0645.MID4.MID1,,fs,0
F0997/MID4,F0997/MID2,md,F0997,F0997,949,0,24,F0997.MID4.MID2,,md,3
F0795/MID2,F0795/MID4,ms,F0795,F0795,749,0,24,F0795.MID2.MID4,,ms,2
F0031/MID4,F0031/MID1,md,F0031,F0031,26,0,63,F0031.MID4.MID1,,md,3
F0061/MID5,F0061/MID7,ms,F0061,F0061,54,0,2,F0061.MID5.MID7,,ms,2
F0050/MID1,F0050/MID3,fd,F0050,F0050,45,0,15,F0050.MID1.MID3,,fd,1
F0401/MID1,F0401/MID7,fd,F0401,F0401,373,0,12,F0401.MID1.MID7,,fd,1
F0929/MID1,F0929/MID4,fd,F0929,F0929,881,0,10,F0929.MID1.MID4,,fd,1
F0062/MID1,F0062/MID2,fd,F0062,F0062,55,0,18,F0062.MID1.MID2,,fd,1
F0812/MID2,F0812/MID3,md,F0812,F0812,766,0,143,F0812.MID2.MID3,,md,3
F0262/MID2,F0262/MID4,ms,F0262,F0262,246,0,30,F0262.MID2.MID4,,ms,2
F0773/MID5,F0773/MID1,fs,F0773,F0773,728,0,8,F0773.MID5.MID1,,fs,0
F0662/MID1,F0662/MID3,fs,F0662,F0662,623,0,5,F0662.MID1.MID3,,fs,0
F0729/MID1,F0729/MID5,fs,F0729,F0729,685,0,105,F0729.MID1.MID5,,fs,0
F0881/MID1,F0881/MID3,fd,F0881,F0881,834,0,63,F0881.MID1.MID3,,fd,1
F0197/MID1,F0197/MID5,md,F0197,F0197,186,0,70,F0197.MID1.MID5,,md,3
F0889/MID4,F0889/MID2,fd,F0889,F0889,842,0,6,F0889.MID4.MID2,,fd,1
F0796/MID6,F0796/MID5,ms,F0796,F0796,750,0,2,F0796.MID6.MID5,,ms,2
F0701/MID3,F0701/MID4,ms,F0701,F0701,660,0,6,F0701.MID3.MID4,,ms,2
F0338/MID3,F0338/MID5,ms,F0338,F0338,316,0,4,F0338.MID3.MID5,,ms,2
F0825/MID6,F0825/MID3,md,F0825,F0825,779,0,1,F0825.MID6.MID3,,md,3
F0242/MID1,F0242/MID5,fs,F0242,F0242,227,0,30,F0242.MID1.MID5,,fs,0
F0215/MID5,F0215/MID1,fs,F0215,F0215,203,0,6,F0215.MID5.MID1,,fs,0
F0898/MID1,F0898/MID3,ms,F0898,F0898,851,0,36,F0898.MID1.MID3,,ms,2
F0548/MID1,F0548/MID3,fd,F0548,F0548,515,0,84,F0548.MID1.MID3,,fd,1
F0796/MID8,F0796/MID3,fd,F0796,F0796,750,0,18,F0796.MID8.MID3,,fd,1
F0253/MID1,F0253/MID3,ms,F0253,F0253,238,0,8,F0253.MID1.MID3,,ms,2
F0992/MID12,F0992/MID19,fd,F0992,F0992,944,0,9,F0992.MID12.MID19,,fd,1
F0509/MID1,F0509/MID3,ms,F0509,F0509,476,0,40,F0509.MID1.MID3,,ms,2
F0992/MID2,F0992/MID4,fs,F0992,F0992,944,0,126,F0992.MID2.MID4,,fs,0
F0388/MID1,F0388/MID3,fs,F0388,F0388,363,0,8,F0388.MID1.MID3,,fs,0
F0326/MID2,F0326/MID7,md,F0326,F0326,305,0,24,F0326.MID2.MID7,,md,3
F0739/MID5,F0739/MID2,fs,F0739,F0739,695,0,3,F0739.MID5.MID2,,fs,0
F0818/MID1,F0818/MID3,fd,F0818,F0818,772,0,4,F0818.MID1.MID3,,fd,1
F0650/MID4,F0650/MID3,md,F0650,F0650,611,0,1,F0650.MID4.MID3,,md,3
F0190/MID4,F0190/MID1,ms,F0190,F0190,179,0,208,F0190.MID4.MID1,,ms,2
F0979/MID2,F0979/MID5,ms,F0979,F0979,931,0,8,F0979.MID2.MID5,,ms,2
F0961/MID5,F0961/MID1,ms,F0961,F0961,913,0,12,F0961.MID5.MID1,,ms,2
F0001/MID1,F0001/MID3,fs,F0001,F0001,0,0,6,F0001.MID1.MID3,,fs,0
F0291/MID5,F0291/MID2,ms,F0291,F0291,273,0,24,F0291.MID5.MID2,,ms,2
F0718/MID1,F0718/MID3,fd,F0718,F0718,674,0,49,F0718.MID1.MID3,,fd,1
F0542/MID5,F0542/MID3,md,F0542,F0542,509,0,45,F0542.MID5.MID3,,md,3
F0338/MID3,F0338/MID2,md,F0338,F0338,316,0,8,F0338.MID3.MID2,,md,3
F0062/MID5,F0062/MID3,md,F0062,F0062,55,0,8,F0062.MID5.MID3,,md,3
F0128/MID5,F0128/MID8,fs,F0128,F0128,120,0,5,F0128.MID5.MID8,,fs,0
F0101/MID3,F0101/MID6,fs,F0101,F0101,94,0,30,F0101.MID3.MID6,,fs,0
F0070/MID1,F0070/MID5,fs,F0070,F0070,63,0,21,F0070.MID1.MID5,,fs,0
F0605/MID1,F0605/MID2,fd,F0605,F0605,569,0,12,F0605.MID1.MID2,,fd,1
F0015/MID4,F0015/MID3,fd,F0015,F0015,13,0,144,F0015.MID4.MID3,,fd,1
F0439/MID4,F0439/MID3,fs,F0439,F0439,411,0,40,F0439.MID4.MID3,,fs,0
F0362/MID1,F0362/MID3,fs,F0362,F0362,339,0,32,F0362.MID1.MID3,,fs,0
F1003/MID2,F1003/MID3,ms,F1003,F1003,955,0,30,F1003.MID2.MID3,,ms,2
F1013/MID2,F1013/MID4,md,F1013,F1013,959,0,63,F1013.MID2.MID4,,md,3
F0009/MID5,F0009/MID1,fs,F0009,F0009,8,0,546,F0009.MID5.MID1,,fs,0
F0173/MID1,F0173/MID4,fd,F0173,F0173,164,0,96,F0173.MID1.MID4,,fd,1
F0009/MID5,F0009/MID2,fs,F0009,F0009,8,0,364,F0009.MID5.MID2,,fs,0
F0401/MID4,F0401/MID7,md,F0401,F0401,373,0,9,F0401.MID4.MID7,,md,3
F0639/MID1,F0639/MID4,md,F0639,F0639,601,0,1,F0639.MID1.MID4,,md,3
F0402/MID1,F0402/MID4,fs,F0402,F0402,374,0,36,F0402.MID1.MID4,,fs,0
F0933/MID1,F0933/MID5,fd,F0933,F0933,885,0,63,F0933.MID1.MID5,,fd,1
F0009/MID7,F0009/MID4,ms,F0009,F0009,8,0,140,F0009.MID7.MID4,,ms,2
F0959/MID5,F0959/MID3,fd,F0959,F0959,911,0,36,F0959.MID5.MID3,,fd,1
F0537/MID1,F0537/MID6,fs,F0537,F0537,504,0,40,F0537.MID1.MID6,,fs,0
F0816/MID1,F0816/MID5,fd,F0816,F0816,770,0,18,F0816.MID1.MID5,,fd,1
F0838/MID4,F0838/MID5,fs,F0838,F0838,792,0,20,F0838.MID4.MID5,,fs,0
F1003/MID1,F1003/MID3,fs,F1003,F1003,955,0,30,F1003.MID1.MID3,,fs,0
F0382/MID1,F0382/MID3,fs,F0382,F0382,357,0,20,F0382.MID1.MID3,,fs,0
F0086/MID1,F0086/MID3,fd,F0086,F0086,79,0,70,F0086.MID1.MID3,,fd,1
F0015/MID1,F0015/MID2,md,F0015,F0015,13,0,289,F0015.MID1.MID2,,md,3
F0419/MID2,F0419/MID3,fs,F0419,F0419,391,0,63,F0419.MID2.MID3,,fs,0
F0084/MID5,F0084/MID2,md,F0084,F0084,77,0,12,F0084.MID5.MID2,,md,3
F0934/MID3,F0934/MID1,md,F0934,F0934,886,0,30,F0934.MID3.MID1,,md,3
F0348/MID2,F0348/MID3,ms,F0348,F0348,325,0,77,F0348.MID2.MID3,,ms,2
F0804/MID3,F0804/MID1,md,F0804,F0804,758,0,8,F0804.MID3.MID1,,md,3
F0715/MID3,F0715/MID5,ms,F0715,F0715,671,0,8,F0715.MID3.MID5,,ms,2
F0256/MID1,F0256/MID4,fd,F0256,F0256,241,0,42,F0256.MID1.MID4,,fd,1
F0880/MID4,F0880/MID3,fd,F0880,F0880,833,0,14,F0880.MID4.MID3,,fd,1
F0695/MID3,F0695/MID4,fd,F0695,F0695,655,0,5,F0695.MID3.MID4,,fd,1
F0897/MID4,F0897/MID9,fs,F0897,F0897,850,0,2,F0897.MID4.MID9,,fs,0
F0701/MID3,F0701/MID1,md,F0701,F0701,660,0,27,F0701.MID3.MID1,,md,3
F0131/MID1,F0131/MID3,fd,F0131,F0131,123,0,7,F0131.MID1.MID3,,fd,1
F0173/MID1,F0173/MID6,fd,F0173,F0173,164,0,108,F0173.MID1.MID6,,fd,1
F0523/MID1,F0523/MID4,fs,F0523,F0523,490,0,5,F0523.MID1.MID4,,fs,0
F0764/MID5,F0764/MID1,fd,F0764,F0764,720,0,11,F0764.MID5.MID1,,fd,1
F0338/MID3,F0338/MID4,md,F0338,F0338,316,0,2,F0338.MID3.MID4,,md,3
F0993/MID2,F0993/MID4,fs,F0993,F0993,945,0,18,F0993.MID2.MID4,,fs,0
F0578/MID3,F0578/MID4,md,F0578,F0578,543,0,6,F0578.MID3.MID4,,md,3
F0466/MID1,F0466/MID5,fd,F0466,F0466,436,0,8,F0466.MID1.MID5,,fd,1
F0107/MID1,F0107/MID3,fd,F0107,F0107,99,0,80,F0107.MID1.MID3,,fd,1
F0757/MID2,F0757/MID1,fs,F0757,F0757,713,0,63,F0757.MID2.MID1,,fs,0
F0024/MID3,F0024/MID1,fd,F0024,F0024,21,0,40,F0024.MID3.MID1,,fd,1
F0661/MID1,F0661/MID2,fd,F0661,F0661,622,0,165,F0661.MID1.MID2,,fd,1
F0195/MID1,F0195/MID2,fd,F0195,F0195,184,0,18,F0195.MID1.MID2,,fd,1
F0602/MID2,F0602/MID1,fs,F0602,F0602,566,0,16,F0602.MID2.MID1,,fs,0
F1018/MID2,F1018/MID4,fs,F1018,F1018,962,0,110,F1018.MID2.MID4,,fs,0
F0011/MID1,F0011/MID2,fs,F0011,F0011,10,0,32,F0011.MID1.MID2,,fs,0
F0653/MID1,F0653/MID3,fs,F0653,F0653,614,0,40,F0653.MID1.MID3,,fs,0
F0574/MID4,F0574/MID2,md,F0574,F0574,540,0,21,F0574.MID4.MID2,,md,3
F0759/MID1,F0759/MID4,fs,F0759,F0759,715,0,14,F0759.MID1.MID4,,fs,0
F0107/MID5,F0107/MID8,fd,F0107,F0107,99,0,3,F0107.MID5.MID8,,fd,1
F0043/MID1,F0043/MID3,md,F0043,F0043,38,0,54,F0043.MID1.MID3,,md,3
F0955/MID7,F0955/MID1,fd,F0955,F0955,907,0,1,F0955.MID7.MID1,,fd,1
F0503/MID2,F0503/MID6,md,F0503,F0503,470,0,1,F0503.MID2.MID6,,md,3
F0249/MID7,F0249/MID4,ms,F0249,F0249,234,0,2,F0249.MID7.MID4,,ms,2
F0326/MID2,F0326/MID8,md,F0326,F0326,305,0,24,F0326.MID2.MID8,,md,3
F0960/MID1,F0960/MID5,fd,F0960,F0960,912,0,20,F0960.MID1.MID5,,fd,1
F0703/MID4,F0703/MID1,ms,F0703,F0703,662,0,10,F0703.MID4.MID1,,ms,2
F0194/MID2,F0194/MID1,fs,F0194,F0194,183,0,16,F0194.MID2.MID1,,fs,0
F0613/MID3,F0613/MID1,ms,F0613,F0613,576,0,7,F0613.MID3.MID1,,ms,2
F0506/MID2,F0506/MID5,md,F0506,F0506,473,0,18,F0506.MID2.MID5,,md,3
F0392/MID2,F0392/MID1,ms,F0392,F0392,367,0,20,F0392.MID2.MID1,,ms,2
F0102/MID1,F0102/MID2,fd,F0102,F0102,95,0,54,F0102.MID1.MID2,,fd,1
F0650/MID1,F0650/MID6,fs,F0650,F0650,611,0,8,F0650.MID1.MID6,,fs,0
F1003/MID1,F1003/MID7,fd,F1003,F1003,955,0,40,F1003.MID1.MID7,,fd,1
F0227/MID4,F0227/MID2,ms,F0227,F0227,213,0,3,F0227.MID4.MID2,,ms,2
F0574/MID1,F0574/MID3,fd,F0574,F0574,540,0,5,F0574.MID1.MID3,,fd,1
F0232/MID1,F0232/MID3,fd,F0232,F0232,217,0,6,F0232.MID1.MID3,,fd,1
F0442/MID5,F0442/MID7,md,F0442,F0442,414,0,6,F0442.MID5.MID7,,md,3
F0192/MID6,F0192/MID7,md,F0192,F0192,181,0,2,F0192.MID6.MID7,,md,3
F0525/MID4,F0525/MID3,ms,F0525,F0525,492,0,16,F0525.MID4.MID3,,ms,2
F0372/MID2,F0372/MID4,md,F0372,F0372,348,0,60,F0372.MID2.MID4,,md,3
F0013/MID4,F0013/MID8,md,F0013,F0013,12,0,3,F0013.MID4.MID8,,md,3
F0552/MID2,F0552/MID5,ms,F0552,F0552,519,0,40,F0552.MID2.MID5,,ms,2
F1007/MID2,F1007/MID5,ms,F1007,F1007,958,0,40,F1007.MID2.MID5,,ms,2
F0419/MID1,F0419/MID3,ms,F0419,F0419,391,0,49,F0419.MID1.MID3,,ms,2
F0687/MID1,F0687/MID2,fs,F0687,F0687,647,0,9,F0687.MID1.MID2,,fs,0
F0380/MID2,F0380/MID4,ms,F0380,F0380,356,0,88,F0380.MID2.MID4,,ms,2
F0387/MID2,F0387/MID3,fs,F0387,F0387,362,0,12,F0387.MID2.MID3,,fs,0
F0362/MID2,F0362/MID4,md,F0362,F0362,339,0,40,F0362.MID2.MID4,,md,3
F0066/MID1,F0066/MID3,fs,F0066,F0066,59,0,88,F0066.MID1.MID3,,fs,0
F0303/MID6,F0303/MID1,fs,F0303,F0303,284,0,29,F0303.MID6.MID1,,fs,0
F0376/MID8,F0376/MID4,ms,F0376,F0376,352,0,196,F0376.MID8.MID4,,ms,2
F0132/MID1,F0132/MID4,fd,F0132,F0132,124,0,16,F0132.MID1.MID4,,fd,1
F0321/MID2,F0321/MID1,md,F0321,F0321,300,0,18,F0321.MID2.MID1,,md,3
F0602/MID1,F0602/MID5,fd,F0602,F0602,566,0,56,F0602.MID1.MID5,,fd,1
F0722/MID3,F0722/MID1,ms,F0722,F0722,678,0,126,F0722.MID3.MID1,,ms,2
F0738/MID1,F0738/MID3,md,F0738,F0738,694,0,35,F0738.MID1.MID3,,md,3
F0964/MID4,F0964/MID2,ms,F0964,F0964,916,0,36,F0964.MID4.MID2,,ms,2
F0402/MID1,F0402/MID6,fs,F0402,F0402,374,0,27,F0402.MID1.MID6,,fs,0
F0209/MID1,F0209/MID5,fs,F0209,F0209,197,0,6,F0209.MID1.MID5,,fs,0
F0798/MID1,F0798/MID3,md,F0798,F0798,752,0,25,F0798.MID1.MID3,,md,3
F0641/MID2,F0641/MID6,ms,F0641,F0641,602,0,14,F0641.MID2.MID6,,ms,2
F0978/MID6,F0978/MID8,fd,F0978,F0978,930,0,1,F0978.MID6.MID8,,fd,1
F0740/MID4,F0740/MID7,ms,F0740,F0740,696,0,4,F0740.MID4.MID7,,ms,2
F0717/MID1,F0717/MID3,fd,F0717,F0717,673,0,21,F0717.MID1.MID3,,fd,1
F0180/MID2,F0180/MID4,ms,F0180,F0180,169,0,90,F0180.MID2.MID4,,ms,2
F0901/MID2,F0901/MID1,ms,F0901,F0901,854,0,6,F0901.MID2.MID1,,ms,2
F0922/MID1,F0922/MID5,fs,F0922,F0922,874,0,54,F0922.MID1.MID5,,fs,0
F0730/MID3,F0730/MID6,fd,F0730,F0730,686,0,6,F0730.MID3.MID6,,fd,1
F0965/MID2,F0965/MID3,ms,F0965,F0965,917,0,12,F0965.MID2.MID3,,ms,2
F0933/MID1,F0933/MID3,fd,F0933,F0933,885,0,72,F0933.MID1.MID3,,fd,1
F0237/MID6,F0237/MID1,fd,F0237,F0237,222,0,20,F0237.MID6.MID1,,fd,1
F0763/MID1,F0763/MID4,fd,F0763,F0763,719,0,39,F0763.MID1.MID4,,fd,1
F0991/MID12,F0991/MID11,fs,F0991,F0991,943,0,1,F0991.MID12.MID11,,fs,0
F0994/MID4,F0994/MID3,md,F0994,F0994,946,0,6,F0994.MID4.MID3,,md,3
F0050/MID2,F0050/MID3,md,F0050,F0050,45,0,15,F0050.MID2.MID3,,md,3
F0039/MID1,F0039/MID4,ms,F0039,F0039,34,0,18,F0039.MID1.MID4,,ms,2
F0770/MID1,F0770/MID2,fd,F0770,F0770,726,0,21,F0770.MID1.MID2,,fd,1
F0544/MID5,F0544/MID1,fd,F0544,F0544,511,0,6,F0544.MID5.MID1,,fd,1
F0701/MID1,F0701/MID7,md,F0701,F0701,660,0,27,F0701.MID1.MID7,,md,3
F0280/MID1,F0280/MID4,fd,F0280,F0280,262,0,40,F0280.MID1.MID4,,fd,1
F0235/MID3,F0235/MID4,fs,F0235,F0235,220,0,3,F0235.MID3.MID4,,fs,0
F0779/MID1,F0779/MID3,fs,F0779,F0779,734,0,30,F0779.MID1.MID3,,fs,0
F0249/MID6,F0249/MID5,ms,F0249,F0249,234,0,5,F0249.MID6.MID5,,ms,2
F0150/MID1,F0150/MID4,fd,F0150,F0150,141,0,30,F0150.MID1.MID4,,fd,1
F0610/MID4,F0610/MID3,fs,F0610,F0610,573,0,24,F0610.MID4.MID3,,fs,0
F0715/MID2,F0715/MID4,fs,F0715,F0715,671,0,4,F0715.MID2.MID4,,fs,0
F0482/MID2,F0482/MID4,ms,F0482,F0482,452,0,4,F0482.MID2.MID4,,ms,2
F0867/MID2,F0867/MID3,fd,F0867,F0867,820,0,50,F0867.MID2.MID3,,fd,1
F0906/MID2,F0906/MID3,fd,F0906,F0906,859,0,6,F0906.MID2.MID3,,fd,1
F0111/MID1,F0111/MID3,md,F0111,F0111,103,0,14,F0111.MID1.MID3,,md,3
F0029/MID1,F0029/MID6,fd,F0029,F0029,24,0,8,F0029.MID1.MID6,,fd,1
F0976/MID1,F0976/MID3,fs,F0976,F0976,928,0,95,F0976.MID1.MID3,,fs,0
F0773/MID5,F0773/MID3,fs,F0773,F0773,728,0,4,F0773.MID5.MID3,,fs,0
F0081/MID1,F0081/MID6,fd,F0081,F0081,74,0,18,F0081.MID1.MID6,,fd,1
F0601/MID6,F0601/MID21,fs,F0601,F0601,565,0,4578,F0601.MID6.MID21,,fs,0
F0579/MID8,F0579/MID4,ms,F0579,F0579,544,0,32,F0579.MID8.MID4,,ms,2
F0642/MID4,F0642/MID1,ms,F0642,F0642,603,0,144,F0642.MID4.MID1,,ms,2
F0314/MID2,F0314/MID5,md,F0314,F0314,293,0,27,F0314.MID2.MID5,,md,3
F0206/MID2,F0206/MID11,md,F0206,F0206,194,0,42,F0206.MID2.MID11,,md,3
F0235/MID1,F0235/MID3,fs,F0235,F0235,220,0,9,F0235.MID1.MID3,,fs,0
F0325/MID4,F0325/MID8,fd,F0325,F0325,304,0,4,F0325.MID4.MID8,,fd,1
F0765/MID3,F0765/MID5,fd,F0765,F0765,721,0,8,F0765.MID3.MID5,,fd,1
F0514/MID8,F0514/MID7,fs,F0514,F0514,481,0,2,F0514.MID8.MID7,,fs,0
F0061/MID6,F0061/MID8,fd,F0061,F0061,54,0,1,F0061.MID6.MID8,,fd,1
F0272/MID1,F0272/MID4,fd,F0272,F0272,255,0,30,F0272.MID1.MID4,,fd,1
F0388/MID1,F0388/MID4,fd,F0388,F0388,363,0,40,F0388.MID1.MID4,,fd,1
F0113/MID1,F0113/MID4,fs,F0113,F0113,105,0,40,F0113.MID1.MID4,,fs,0
F0863/MID1,F0863/MID3,fs,F0863,F0863,817,0,24,F0863.MID1.MID3,,fs,0
F0941/MID1,F0941/MID3,fs,F0941,F0941,893,0,32,F0941.MID1.MID3,,fs,0
F0987/MID11,F0987/MID14,ms,F0987,F0987,939,0,12,F0987.MID11.MID14,,ms,2
F0733/MID4,F0733/MID2,fd,F0733,F0733,689,0,20,F0733.MID4.MID2,,fd,1
F0959/MID5,F0959/MID4,fs,F0959,F0959,911,0,36,F0959.MID5.MID4,,fs,0
F0904/MID2,F0904/MID1,fs,F0904,F0904,857,0,72,F0904.MID2.MID1,,fs,0
F0984/MID1,F0984/MID5,fs,F0984,F0984,936,0,70,F0984.MID1.MID5,,fs,0
F0277/MID2,F0277/MID1,md,F0277,F0277,259,0,24,F0277.MID2.MID1,,md,3
F0124/MID1,F0124/MID2,fd,F0124,F0124,116,0,56,F0124.MID1.MID2,,fd,1
F0181/MID1,F0181/MID4,fd,F0181,F0181,170,0,18,F0181.MID1.MID4,,fd,1
F0965/MID7,F0965/MID1,ms,F0965,F0965,917,0,24,F0965.MID7.MID1,,ms,2
F0249/MID8,F0249/MID9,ms,F0249,F0249,234,0,4,F0249.MID8.MID9,,ms,2
F0029/MID1,F0029/MID7,fd,F0029,F0029,24,0,8,F0029.MID1.MID7,,fd,1
F0325/MID4,F0325/MID6,fd,F0325,F0325,304,0,12,F0325.MID4.MID6,,fd,1
F0600/MID6,F0600/MID2,ms,F0600,F0600,564,0,120,F0600.MID6.MID2,,ms,2
F0508/MID3,F0508/MID4,md,F0508,F0508,475,0,48,F0508.MID3.MID4,,md,3
F0696/MID1,F0696/MID5,fd,F0696,F0696,656,0,56,F0696.MID1.MID5,,fd,1
F0541/MID1,F0541/MID2,fd,F0541,F0541,508,0,45,F0541.MID1.MID2,,fd,1
F0256/MID2,F0256/MID4,md,F0256,F0256,241,0,30,F0256.MID2.MID4,,md,3
F0717/MID6,F0717/MID7,ms,F0717,F0717,673,0,2,F0717.MID6.MID7,,ms,2
F0009/MID5,F0009/MID3,fs,F0009,F0009,8,0,195,F0009.MID5.MID3,,fs,0
F0256/MID1,F0256/MID3,fd,F0256,F0256,241,0,42,F0256.MID1.MID3,,fd,1
F0811/MID5,F0811/MID8,md,F0811,F0811,765,0,3,F0811.MID5.MID8,,md,3
F0377/MID4,F0377/MID5,md,F0377,F0377,353,0,5,F0377.MID4.MID5,,md,3
F0110/MID2,F0110/MID3,fs,F0110,F0110,102,0,8,F0110.MID2.MID3,,fs,0
F0802/MID2,F0802/MID4,md,F0802,F0802,756,0,20,F0802.MID2.MID4,,md,3
F0066/MID2,F0066/MID4,md,F0066,F0066,59,0,66,F0066.MID2.MID4,,md,3
F0302/MID2,F0302/MID4,fd,F0302,F0302,283,0,36,F0302.MID2.MID4,,fd,1
F0196/MID5,F0196/MID1,ms,F0196,F0196,185,0,7,F0196.MID5.MID1,,ms,2
F0128/MID1,F0128/MID3,fd,F0128,F0128,120,0,135,F0128.MID1.MID3,,fd,1
F0852/MID4,F0852/MID5,fd,F0852,F0852,806,0,28,F0852.MID4.MID5,,fd,1
F0198/MID5,F0198/MID3,fs,F0198,F0198,187,0,54,F0198.MID5.MID3,,fs,0
F0213/MID1,F0213/MID2,fd,F0213,F0213,201,0,35,F0213.MID1.MID2,,fd,1
F0957/MID2,F0957/MID4,ms,F0957,F0957,909,0,14,F0957.MID2.MID4,,ms,2
F0020/MID1,F0020/MID6,fd,F0020,F0020,17,0,18,F0020.MID1.MID6,,fd,1
F0494/MID1,F0494/MID4,fd,F0494,F0494,463,0,49,F0494.MID1.MID4,,fd,1
F0802/MID2,F0802/MID5,md,F0802,F0802,756,0,20,F0802.MID2.MID5,,md,3
F0125/MID6,F0125/MID3,fd,F0125,F0125,117,0,1,F0125.MID6.MID3,,fd,1
F0550/MID3,F0550/MID4,md,F0550,F0550,517,0,15,F0550.MID3.MID4,,md,3
F0152/MID5,F0152/MID4,ms,F0152,F0152,143,0,1,F0152.MID5.MID4,,ms,2
F0763/MID3,F0763/MID6,md,F0763,F0763,719,0,20,F0763.MID3.MID6,,md,3
F0425/MID6,F0425/MID10,fs,F0425,F0425,397,0,21,F0425.MID6.MID10,,fs,0
F0601/MID4,F0601/MID16,md,F0601,F0601,565,0,264,F0601.MID4.MID16,,md,3
F0592/MID4,F0592/MID2,fd,F0592,F0592,557,0,6,F0592.MID4.MID2,,fd,1
F0272/MID2,F0272/MID3,md,F0272,F0272,255,0,5,F0272.MID2.MID3,,md,3
F0061/MID5,F0061/MID8,md,F0061,F0061,54,0,2,F0061.MID5.MID8,,md,3
F0181/MID2,F0181/MID5,ms,F0181,F0181,170,0,6,F0181.MID2.MID5,,ms,2
F0293/MID4,F0293/MID3,ms,F0293,F0293,274,0,20,F0293.MID4.MID3,,ms,2
F1007/MID2,F1007/MID7,ms,F1007,F1007,958,0,48,F1007.MID2.MID7,,ms,2
F0886/MID4,F0886/MID5,fs,F0886,F0886,839,0,5,F0886.MID4.MID5,,fs,0
F0216/MID1,F0216/MID5,fd,F0216,F0216,204,0,24,F0216.MID1.MID5,,fd,1
F0423/MID5,F0423/MID2,ms,F0423,F0423,395,0,10,F0423.MID5.MID2,,ms,2
F0376/MID1,F0376/MID7,fs,F0376,F0376,352,0,64,F0376.MID1.MID7,,fs,0
F0494/MID2,F0494/MID5,md,F0494,F0494,463,0,35,F0494.MID2.MID5,,md,3
F0188/MID2,F0188/MID1,fs,F0188,F0188,177,0,5,F0188.MID2.MID1,,fs,0
F0760/MID1,F0760/MID4,fd,F0760,F0760,716,0,50,F0760.MID1.MID4,,fd,1
F0113/MID3,F0113/MID4,ms,F0113,F0113,105,0,16,F0113.MID3.MID4,,ms,2
F0637/MID4,F0637/MID1,ms,F0637,F0637,599,0,7,F0637.MID4.MID1,,ms,2
F0216/MID2,F0216/MID3,md,F0216,F0216,204,0,16,F0216.MID2.MID3,,md,3
F0664/MID8,F0664/MID6,ms,F0664,F0664,625,0,1,F0664.MID8.MID6,,ms,2
F0262/MID2,F0262/MID7,ms,F0262,F0262,246,0,10,F0262.MID2.MID7,,ms,2
F0229/MID6,F0229/MID1,ms,F0229,F0229,215,0,4,F0229.MID6.MID1,,ms,2
F0156/MID1,F0156/MID5,fs,F0156,F0156,147,0,9,F0156.MID1.MID5,,fs,0
F0068/MID2,F0068/MID3,fd,F0068,F0068,61,0,15,F0068.MID2.MID3,,fd,1
F0128/MID2,F0128/MID6,ms,F0128,F0128,120,0,70,F0128.MID2.MID6,,ms,2
F0251/MID7,F0251/MID6,md,F0251,F0251,236,0,1,F0251.MID7.MID6,,md,3
F0489/MID2,F0489/MID3,fd,F0489,F0489,458,0,8,F0489.MID2.MID3,,fd,1
F0284/MID6,F0284/MID1,fd,F0284,F0284,266,0,9,F0284.MID6.MID1,,fd,1
F0235/MID6,F0235/MID5,ms,F0235,F0235,220,0,1,F0235.MID6.MID5,,ms,2
F0868/MID3,F0868/MID2,ms,F0868,F0868,821,0,27,F0868.MID3.MID2,,ms,2
F0761/MID2,F0761/MID3,ms,F0761,F0761,717,0,54,F0761.MID2.MID3,,ms,2
F0029/MID2,F0029/MID4,ms,F0029,F0029,24,0,36,F0029.MID2.MID4,,ms,2
F0881/MID5,F0881/MID1,ms,F0881,F0881,834,0,18,F0881.MID5.MID1,,ms,2
F0672/MID6,F0672/MID7,md,F0672,F0672,632,0,6,F0672.MID6.MID7,,md,3
F0380/MID1,F0380/MID4,fs,F0380,F0380,356,0,104,F0380.MID1.MID4,,fs,0
F0896/MID2,F0896/MID4,md,F0896,F0896,849,0,15,F0896.MID2.MID4,,md,3
F0247/MID2,F0247/MID3,fs,F0247,F0247,232,0,18,F0247.MID2.MID3,,fs,0
F0070/MID2,F0070/MID5,ms,F0070,F0070,63,0,21,F0070.MID2.MID5,,ms,2
F0945/MID2,F0945/MID3,ms,F0945,F0945,897,0,20,F0945.MID2.MID3,,ms,2
F0098/MID1,F0098/MID4,fs,F0098,F0098,91,0,70,F0098.MID1.MID4,,fs,0
F0892/MID1,F0892/MID3,md,F0892,F0892,845,0,60,F0892.MID1.MID3,,md,3
F0751/MID2,F0751/MID3,md,F0751,F0751,707,0,42,F0751.MID2.MID3,,md,3
F0822/MID2,F0822/MID1,fs,F0822,F0822,776,0,2,F0822.MID2.MID1,,fs,0
F0249/MID7,F0249/MID10,md,F0249,F0249,234,0,3,F0249.MID7.MID10,,md,3
F0957/MID1,F0957/MID5,fd,F0957,F0957,909,0,18,F0957.MID1.MID5,,fd,1
F0298/MID6,F0298/MID1,fd,F0298,F0298,279,0,20,F0298.MID6.MID1,,fd,1
F0646/MID2,F0646/MID3,md,F0646,F0646,607,0,14,F0646.MID2.MID3,,md,3
F0556/MID4,F0556/MID1,md,F0556,F0556,522,0,52,F0556.MID4.MID1,,md,3
F0610/MID4,F0610/MID1,fs,F0610,F0610,573,0,24,F0610.MID4.MID1,,fs,0
F0088/MID1,F0088/MID3,fd,F0088,F0088,81,0,117,F0088.MID1.MID3,,fd,1
F0583/MID6,F0583/MID1,md,F0583,F0583,548,0,72,F0583.MID6.MID1,,md,3
F0548/MID1,F0548/MID4,fs,F0548,F0548,515,0,14,F0548.MID1.MID4,,fs,0
F0128/MID4,F0128/MID1,ms,F0128,F0128,120,0,30,F0128.MID4.MID1,,ms,2
F0202/MID3,F0202/MID1,ms,F0202,F0202,191,0,80,F0202.MID3.MID1,,ms,2
F0763/MID1,F0763/MID7,fd,F0763,F0763,719,0,65,F0763.MID1.MID7,,fd,1
F0198/MID5,F0198/MID2,fs,F0198,F0198,187,0,54,F0198.MID5.MID2,,fs,0
F0672/MID1,F0672/MID4,fs,F0672,F0672,632,0,39,F0672.MID1.MID4,,fs,0
F0804/MID4,F0804/MID6,fd,F0804,F0804,758,0,15,F0804.MID4.MID6,,fd,1
F0228/MID2,F0228/MID3,md,F0228,F0228,214,0,4,F0228.MID2.MID3,,md,3
F0411/MID2,F0411/MID3,md,F0411,F0411,383,0,30,F0411.MID2.MID3,,md,3
F0545/MID2,F0545/MID6,md,F0545,F0545,512,0,30,F0545.MID2.MID6,,md,3
F0425/MID2,F0425/MID4,md,F0425,F0425,397,0,90,F0425.MID2.MID4,,md,3
F0934/MID4,F0934/MID2,fs,F0934,F0934,886,0,40,F0934.MID4.MID2,,fs,0
F0601/MID8,F0601/MID18,ms,F0601,F0601,565,0,325,F0601.MID8.MID18,,ms,2
F0174/MID3,F0174/MID6,md,F0174,F0174,165,0,30,F0174.MID3.MID6,,md,3
F0915/MID5,F0915/MID6,fs,F0915,F0915,867,0,2,F0915.MID5.MID6,,fs,0
F0806/MID1,F0806/MID2,md,F0806,F0806,760,0,60,F0806.MID1.MID2,,md,3
F0325/MID13,F0325/MID15,fs,F0325,F0325,304,0,1,F0325.MID13.MID15,,fs,0
F0460/MID1,F0460/MID3,fs,F0460,F0460,432,0,30,F0460.MID1.MID3,,fs,0
F0696/MID7,F0696/MID1,ms,F0696,F0696,656,0,14,F0696.MID7.MID1,,ms,2
F1013/MID1,F1013/MID5,fs,F1013,F1013,959,0,66,F1013.MID1.MID5,,fs,0
F0009/MID5,F0009/MID6,fs,F0009,F0009,8,0,364,F0009.MID5.MID6,,fs,0
F0257/MID5,F0257/MID2,fs,F0257,F0257,242,0,4,F0257.MID5.MID2,,fs,0
F0227/MID1,F0227/MID5,fs,F0227,F0227,213,0,8,F0227.MID1.MID5,,fs,0
F0863/MID2,F0863/MID3,ms,F0863,F0863,817,0,15,F0863.MID2.MID3,,ms,2
F0987/MID1,F0987/MID3,fd,F0987,F0987,939,0,176,F0987.MID1.MID3,,fd,1
F0120/MID1,F0120/MID5,ms,F0120,F0120,112,0,24,F0120.MID1.MID5,,ms,2
F0695/MID2,F0695/MID4,md,F0695,F0695,655,0,5,F0695.MID2.MID4,,md,3
F0887/MID1,F0887/MID3,fd,F0887,F0887,840,0,18,F0887.MID1.MID3,,fd,1
F0771/MID2,F0771/MID5,md,F0771,F0771,727,0,18,F0771.MID2.MID5,,md,3
F0745/MID3,F0745/MID2,ms,F0745,F0745,701,0,20,F0745.MID3.MID2,,ms,2
F0325/MID11,F0325/MID15,ms,F0325,F0325,304,0,1,F0325.MID11.MID15,,ms,2
F0783/MID1,F0783/MID4,ms,F0783,F0783,738,0,25,F0783.MID1.MID4,,ms,2
F0394/MID3,F0394/MID2,fs,F0394,F0394,369,0,6,F0394.MID3.MID2,,fs,0
F0198/MID5,F0198/MID4,fs,F0198,F0198,187,0,63,F0198.MID5.MID4,,fs,0
F0899/MID2,F0899/MID1,ms,F0899,F0899,852,0,36,F0899.MID2.MID1,,ms,2
F0144/MID2,F0144/MID7,md,F0144,F0144,135,0,14,F0144.MID2.MID7,,md,3
F0270/MID4,F0270/MID1,md,F0270,F0270,253,0,40,F0270.MID4.MID1,,md,3
F0299/MID2,F0299/MID5,md,F0299,F0299,280,0,114,F0299.MID2.MID5,,md,3
F0029/MID2,F0029/MID3,md,F0029,F0029,24,0,48,F0029.MID2.MID3,,md,3
F0881/MID1,F0881/MID2,fd,F0881,F0881,834,0,54,F0881.MID1.MID2,,fd,1
F0032/MID3,F0032/MID1,md,F0032,F0032,27,0,28,F0032.MID3.MID1,,md,3
F0047/MID4,F0047/MID2,fs,F0047,F0047,42,0,42,F0047.MID4.MID2,,fs,0
F0486/MID1,F0486/MID4,ms,F0486,F0486,455,0,90,F0486.MID1.MID4,,ms,2
F0273/MID1,F0273/MID4,fs,F0273,F0273,256,0,40,F0273.MID1.MID4,,fs,0
F0096/MID3,F0096/MID1,ms,F0096,F0096,89,0,54,F0096.MID3.MID1,,ms,2
F0969/MID1,F0969/MID5,fd,F0969,F0969,921,0,35,F0969.MID1.MID5,,fd,1
F0979/MID1,F0979/MID3,fs,F0979,F0979,931,0,9,F0979.MID1.MID3,,fs,0
F0991/MID18,F0991/MID14,fs,F0991,F0991,943,0,1,F0991.MID18.MID14,,fs,0
F0288/MID2,F0288/MID4,ms,F0288,F0288,270,0,6,F0288.MID2.MID4,,ms,2
F0023/MID2,F0023/MID1,md,F0023,F0023,20,0,11,F0023.MID2.MID1,,md,3
F0615/MID2,F0615/MID3,ms,F0615,F0615,578,0,45,F0615.MID2.MID3,,ms,2
F0552/MID11,F0552/MID10,fs,F0552,F0552,519,0,1,F0552.MID11.MID10,,fs,0
F0004/MID1,F0004/MID2,fs,F0004,F0004,3,0,126,F0004.MID1.MID2,,fs,0
F0537/MID1,F0537/MID5,fd,F0537,F0537,504,0,48,F0537.MID1.MID5,,fd,1
F0636/MID2,F0636/MID6,ms,F0636,F0636,598,0,2,F0636.MID2.MID6,,ms,2
F0064/MID2,F0064/MID5,ms,F0064,F0064,57,0,104,F0064.MID2.MID5,,ms,2
F0615/MID1,F0615/MID3,fs,F0615,F0615,578,0,40,F0615.MID1.MID3,,fs,0
F0296/MID3,F0296/MID5,ms,F0296,F0296,277,0,4,F0296.MID3.MID5,,ms,2
F0642/MID1,F0642/MID5,fs,F0642,F0642,603,0,108,F0642.MID1.MID5,,fs,0
F0020/MID1,F0020/MID2,fd,F0020,F0020,17,0,18,F0020.MID1.MID2,,fd,1
F0489/MID4,F0489/MID3,md,F0489,F0489,458,0,1,F0489.MID4.MID3,,md,3
F0376/MID8,F0376/MID7,ms,F0376,F0376,352,0,56,F0376.MID8.MID7,,ms,2
F0376/MID8,F0376/MID10,md,F0376,F0376,352,0,14,F0376.MID8.MID10,,md,3
F0234/MID2,F0234/MID4,ms,F0234,F0234,219,0,25,F0234.MID2.MID4,,ms,2
F0525/MID1,F0525/MID2,fs,F0525,F0525,492,0,72,F0525.MID1.MID2,,fs,0
F0337/MID1,F0337/MID8,fd,F0337,F0337,315,0,8,F0337.MID1.MID8,,fd,1
F0432/MID3,F0432/MID1,fs,F0432,F0432,404,0,68,F0432.MID3.MID1,,fs,0
F0537/MID2,F0537/MID3,ms,F0537,F0537,504,0,40,F0537.MID2.MID3,,ms,2
F0922/MID1,F0922/MID3,fs,F0922,F0922,874,0,48,F0922.MID1.MID3,,fs,0
F0579/MID8,F0579/MID7,ms,F0579,F0579,544,0,32,F0579.MID8.MID7,,ms,2
F0552/MID11,F0552/MID8,fd,F0552,F0552,519,0,2,F0552.MID11.MID8,,fd,1
F0653/MID2,F0653/MID3,ms,F0653,F0653,614,0,20,F0653.MID2.MID3,,ms,2
F0024/MID4,F0024/MID5,ms,F0024,F0024,21,0,2,F0024.MID4.MID5,,ms,2
F1005/MID2,F1005/MID3,ms,F1005,F1005,957,0,36,F1005.MID2.MID3,,ms,2
F0401/MID3,F0401/MID1,ms,F0401,F0401,373,0,8,F0401.MID3.MID1,,ms,2
F0476/MID3,F0476/MID2,fd,F0476,F0476,446,0,20,F0476.MID3.MID2,,fd,1
F0539/MID1,F0539/MID3,fd,F0539,F0539,506,0,30,F0539.MID1.MID3,,fd,1
F0213/MID1,F0213/MID3,fd,F0213,F0213,201,0,25,F0213.MID1.MID3,,fd,1
F0848/MID1,F0848/MID4,fd,F0848,F0848,802,0,84,F0848.MID1.MID4,,fd,1
F0325/MID2,F0325/MID10,ms,F0325,F0325,304,0,6,F0325.MID2.MID10,,ms,2
F0740/MID4,F0740/MID6,ms,F0740,F0740,696,0,6,F0740.MID4.MID6,,ms,2
F0154/MID1,F0154/MID3,fs,F0154,F0154,145,0,24,F0154.MID1.MID3,,fs,0
F0922/MID2,F0922/MID4,md,F0922,F0922,874,0,16,F0922.MID2.MID4,,md,3
F0206/MID3,F0206/MID10,fd,F0206,F0206,194,0,52,F0206.MID3.MID10,,fd,1
F0326/MID4,F0326/MID7,fd,F0326,F0326,305,0,12,F0326.MID4.MID7,,fd,1
F0955/MID5,F0955/MID4,ms,F0955,F0955,907,0,8,F0955.MID5.MID4,,ms,2
F0235/MID2,F0235/MID3,ms,F0235,F0235,220,0,6,F0235.MID2.MID3,,ms,2
F0166/MID2,F0166/MID4,ms,F0166,F0166,157,0,42,F0166.MID2.MID4,,ms,2
F0742/MID1,F0742/MID5,fs,F0742,F0742,698,0,24,F0742.MID1.MID5,,fs,0
F0582/MID1,F0582/MID3,fs,F0582,F0582,547,0,32,F0582.MID1.MID3,,fs,0
F0937/MID3,F0937/MID2,ms,F0937,F0937,889,0,12,F0937.MID3.MID2,,ms,2
F0401/MID1,F0401/MID9,fd,F0401,F0401,373,0,4,F0401.MID1.MID9,,fd,1
F0307/MID1,F0307/MID2,fd,F0307,F0307,287,0,75,F0307.MID1.MID2,,fd,1
F0989/MID3,F0989/MID2,md,F0989,F0989,941,0,10,F0989.MID3.MID2,,md,3
F0192/MID6,F0192/MID1,ms,F0192,F0192,181,0,10,F0192.MID6.MID1,,ms,2
F0514/MID5,F0514/MID6,fs,F0514,F0514,481,0,2,F0514.MID5.MID6,,fs,0
F0264/MID1,F0264/MID8,fs,F0264,F0264,248,0,3,F0264.MID1.MID8,,fs,0
F0987/MID12,F0987/MID14,fs,F0987,F0987,939,0,6,F0987.MID12.MID14,,fs,0
F1002/MID2,F1002/MID6,md,F1002,F1002,954,0,88,F1002.MID2.MID6,,md,3
F0580/MID1,F0580/MID2,fs,F0580,F0580,545,0,65,F0580.MID1.MID2,,fs,0
F0116/MID1,F0116/MID5,fs,F0116,F0116,108,0,16,F0116.MID1.MID5,,fs,0
F0325/MID1,F0325/MID12,fs,F0325,F0325,304,0,6,F0325.MID1.MID12,,fs,0
F0848/MID1,F0848/MID2,fd,F0848,F0848,802,0,84,F0848.MID1.MID2,,fd,1
F0361/MID1,F0361/MID4,fd,F0361,F0361,338,0,81,F0361.MID1.MID4,,fd,1
F0209/MID6,F0209/MID2,md,F0209,F0209,197,0,8,F0209.MID6.MID2,,md,3
F0013/MID4,F0013/MID5,ms,F0013,F0013,12,0,3,F0013.MID4.MID5,,ms,2
F0961/MID1,F0961/MID8,fs,F0961,F0961,913,0,24,F0961.MID1.MID8,,fs,0
F0734/MID1,F0734/MID4,fd,F0734,F0734,690,0,12,F0734.MID1.MID4,,fd,1
F0759/MID5,F0759/MID6,md,F0759,F0759,715,0,2,F0759.MID5.MID6,,md,3
F0338/MID1,F0338/MID5,fs,F0338,F0338,316,0,16,F0338.MID1.MID5,,fs,0
F0076/MID2,F0076/MID3,fd,F0076,F0076,69,0,20,F0076.MID2.MID3,,fd,1
F0601/MID16,F0601/MID40,md,F0601,F0601,565,0,48,F0601.MID16.MID40,,md,3
F0111/MID1,F0111/MID4,ms,F0111,F0111,103,0,35,F0111.MID1.MID4,,ms,2
F0749/MID2,F0749/MID5,fs,F0749,F0749,705,0,24,F0749.MID2.MID5,,fs,0
F0992/MID6,F0992/MID9,fd,F0992,F0992,944,0,45,F0992.MID6.MID9,,fd,1
F0539/MID1,F0539/MID4,fd,F0539,F0539,506,0,30,F0539.MID1.MID4,,fd,1
F0478/MID1,F0478/MID5,fs,F0478,F0478,448,0,24,F0478.MID1.MID5,,fs,0
F0098/MID2,F0098/MID4,ms,F0098,F0098,91,0,35,F0098.MID2.MID4,,ms,2
F0253/MID2,F0253/MID3,fs,F0253,F0253,238,0,4,F0253.MID2.MID3,,fs,0
F0497/MID1,F0497/MID3,fd,F0497,F0497,465,0,6,F0497.MID1.MID3,,fd,1
F0595/MID2,F0595/MID1,fs,F0595,F0595,559,0,72,F0595.MID2.MID1,,fs,0
F0708/MID5,F0708/MID1,fs,F0708,F0708,665,0,108,F0708.MID5.MID1,,fs,0
F0954/MID1,F0954/MID3,fs,F0954,F0954,906,0,77,F0954.MID1.MID3,,fs,0
F0975/MID5,F0975/MID4,fd,F0975,F0975,927,0,8,F0975.MID5.MID4,,fd,1
F0672/MID1,F0672/MID3,fs,F0672,F0672,632,0,65,F0672.MID1.MID3,,fs,0
F0079/MID4,F0079/MID1,fd,F0079,F0079,72,0,50,F0079.MID4.MID1,,fd,1
F0816/MID1,F0816/MID4,fd,F0816,F0816,770,0,24,F0816.MID1.MID4,,fd,1
F0759/MID2,F0759/MID3,md,F0759,F0759,715,0,10,F0759.MID2.MID3,,md,3
F0088/MID2,F0088/MID5,ms,F0088,F0088,81,0,96,F0088.MID2.MID5,,ms,2
F0817/MID5,F0817/MID3,md,F0817,F0817,771,0,9,F0817.MID5.MID3,,md,3
F0585/MID3,F0585/MID1,fd,F0585,F0585,550,0,16,F0585.MID3.MID1,,fd,1
F0817/MID1,F0817/MID2,fd,F0817,F0817,771,0,24,F0817.MID1.MID2,,fd,1
F0315/MID3,F0315/MID1,ms,F0315,F0315,294,0,6,F0315.MID3.MID1,,ms,2
F0989/MID11,F0989/MID7,ms,F0989,F0989,941,0,5,F0989.MID11.MID7,,ms,2
F0149/MID1,F0149/MID4,fd,F0149,F0149,140,0,14,F0149.MID1.MID4,,fd,1
F0662/MID1,F0662/MID4,fd,F0662,F0662,623,0,5,F0662.MID1.MID4,,fd,1
F0909/MID1,F0909/MID4,fd,F0909,F0909,862,0,36,F0909.MID1.MID4,,fd,1
F0788/MID4,F0788/MID1,ms,F0788,F0788,743,0,20,F0788.MID4.MID1,,ms,2
F0625/MID2,F0625/MID4,fs,F0625,F0625,587,0,24,F0625.MID2.MID4,,fs,0
F0425/MID5,F0425/MID9,ms,F0425,F0425,397,0,10,F0425.MID5.MID9,,ms,2
F0171/MID1,F0171/MID7,fd,F0171,F0171,162,0,14,F0171.MID1.MID7,,fd,1
F0664/MID2,F0664/MID3,fd,F0664,F0664,625,0,12,F0664.MID2.MID3,,fd,1
F0973/MID1,F0973/MID4,md,F0973,F0973,925,0,9,F0973.MID1.MID4,,md,3
F0171/MID4,F0171/MID3,md,F0171,F0171,162,0,6,F0171.MID4.MID3,,md,3
F0678/MID2,F0678/MID5,ms,F0678,F0678,638,0,12,F0678.MID2.MID5,,ms,2
F0544/MID5,F0544/MID2,fs,F0544,F0544,511,0,1,F0544.MID5.MID2,,fs,0
F0631/MID3,F0631/MID2,ms,F0631,F0631,593,0,20,F0631.MID3.MID2,,ms,2
F0690/MID1,F0690/MID3,fs,F0690,F0690,650,0,28,F0690.MID1.MID3,,fs,0
F0348/MID1,F0348/MID3,fs,F0348,F0348,325,0,35,F0348.MID1.MID3,,fs,0
F0073/MID1,F0073/MID5,ms,F0073,F0073,66,0,48,F0073.MID1.MID5,,ms,2
F0428/MID1,F0428/MID3,fs,F0428,F0428,400,0,6,F0428.MID1.MID3,,fs,0
F0683/MID4,F0683/MID5,md,F0683,F0683,643,0,3,F0683.MID4.MID5,,md,3
F0811/MID1,F0811/MID6,fd,F0811,F0811,765,0,4,F0811.MID1.MID6,,fd,1
F0528/MID2,F0528/MID4,ms,F0528,F0528,495,0,90,F0528.MID2.MID4,,ms,2
F0578/MID1,F0578/MID5,fs,F0578,F0578,543,0,12,F0578.MID1.MID5,,fs,0
F0503/MID5,F0503/MID7,fs,F0503,F0503,470,0,1,F0503.MID5.MID7,,fs,0
F0559/MID4,F0559/MID1,md,F0559,F0559,525,0,8,F0559.MID4.MID1,,md,3
F0090/MID14,F0090/MID1,fs,F0090,F0090,83,0,19,F0090.MID14.MID1,,fs,0
F0737/MID2,F0737/MID1,fs,F0737,F0737,693,0,27,F0737.MID2.MID1,,fs,0
F0715/MID2,F0715/MID1,fd,F0715,F0715,671,0,36,F0715.MID2.MID1,,fd,1
F0940/MID1,F0940/MID3,fd,F0940,F0940,892,0,40,F0940.MID1.MID3,,fd,1
F0601/MID2,F0601/MID9,ms,F0601,F0601,565,0,2905,F0601.MID2.MID9,,ms,2
F0774/MID5,F0774/MID7,fs,F0774,F0774,729,0,1,F0774.MID5.MID7,,fs,0
F0070/MID2,F0070/MID4,md,F0070,F0070,63,0,14,F0070.MID2.MID4,,md,3
F0822/MID3,F0822/MID4,ms,F0822,F0822,776,0,1,F0822.MID3.MID4,,ms,2
F0860/MID1,F0860/MID4,fs,F0860,F0860,814,0,15,F0860.MID1.MID4,,fs,0
F0915/MID4,F0915/MID1,md,F0915,F0915,867,0,18,F0915.MID4.MID1,,md,3
F0179/MID2,F0179/MID3,md,F0179,F0179,168,0,2,F0179.MID2.MID3,,md,3
F0844/MID4,F0844/MID3,ms,F0844,F0844,798,0,27,F0844.MID4.MID3,,ms,2
F0254/MID1,F0254/MID4,fd,F0254,F0254,239,0,18,F0254.MID1.MID4,,fd,1
F0116/MID1,F0116/MID3,fs,F0116,F0116,108,0,16,F0116.MID1.MID3,,fs,0
F0501/MID2,F0501/MID4,ms,F0501,F0501,468,0,25,F0501.MID2.MID4,,ms,2
F0684/MID1,F0684/MID4,fs,F0684,F0684,644,0,40,F0684.MID1.MID4,,fs,0
F0464/MID2,F0464/MID1,md,F0464,F0464,434,0,10,F0464.MID2.MID1,,md,3
F0459/MID2,F0459/MID4,md,F0459,F0459,431,0,1,F0459.MID2.MID4,,md,3
F0717/MID1,F0717/MID5,fs,F0717,F0717,673,0,21,F0717.MID1.MID5,,fs,0
F0477/MID2,F0477/MID3,ms,F0477,F0477,447,0,8,F0477.MID2.MID3,,ms,2
F0578/MID1,F0578/MID4,fd,F0578,F0578,543,0,18,F0578.MID1.MID4,,fd,1
F0246/MID1,F0246/MID2,ms,F0246,F0246,231,0,16,F0246.MID1.MID2,,ms,2
F0814/MID4,F0814/MID5,ms,F0814,F0814,768,0,12,F0814.MID4.MID5,,ms,2
F0795/MID3,F0795/MID4,fs,F0795,F0795,749,0,30,F0795.MID3.MID4,,fs,0
F0915/MID2,F0915/MID3,fd,F0915,F0915,867,0,18,F0915.MID2.MID3,,fd,1
F0197/MID2,F0197/MID6,fd,F0197,F0197,186,0,70,F0197.MID2.MID6,,fd,1
F0662/MID2,F0662/MID4,md,F0662,F0662,623,0,1,F0662.MID2.MID4,,md,3
F0601/MID5,F0601/MID7,fs,F0601,F0601,565,0,3710,F0601.MID5.MID7,,fs,0
F0475/MID2,F0475/MID1,fs,F0475,F0475,445,0,15,F0475.MID2.MID1,,fs,0
F0975/MID1,F0975/MID2,md,F0975,F0975,927,0,70,F0975.MID1.MID2,,md,3
F0090/MID4,F0090/MID12,fd,F0090,F0090,83,0,18,F0090.MID4.MID12,,fd,1
F0989/MID9,F0989/MID12,fd,F0989,F0989,941,0,1,F0989.MID9.MID12,,fd,1
F0729/MID2,F0729/MID5,ms,F0729,F0729,685,0,84,F0729.MID2.MID5,,ms,2
F0202/MID4,F0202/MID5,fs,F0202,F0202,191,0,10,F0202.MID4.MID5,,fs,0
F0641/MID1,F0641/MID6,fs,F0641,F0641,602,0,16,F0641.MID1.MID6,,fs,0
F0690/MID1,F0690/MID10,fd,F0690,F0690,650,0,7,F0690.MID1.MID10,,fd,1
F0959/MID1,F0959/MID2,md,F0959,F0959,911,0,50,F0959.MID1.MID2,,md,3
F0690/MID5,F0690/MID1,fs,F0690,F0690,650,0,7,F0690.MID5.MID1,,fs,0
F0600/MID6,F0600/MID3,ms,F0600,F0600,564,0,84,F0600.MID6.MID3,,ms,2
F0263/MID1,F0263/MID3,fs,F0263,F0263,247,0,36,F0263.MID1.MID3,,fs,0
F0601/MID32,F0601/MID31,md,F0601,F0601,565,0,10,F0601.MID32.MID31,,md,3
F0515/MID1,F0515/MID3,fs,F0515,F0515,482,0,42,F0515.MID1.MID3,,fs,0
F0005/MID1,F0005/MID2,md,F0005,F0005,4,0,80,F0005.MID1.MID2,,md,3
F0251/MID1,F0251/MID8,fd,F0251,F0251,236,0,32,F0251.MID1.MID8,,fd,1
F0748/MID2,F0748/MID3,fd,F0748,F0748,704,0,32,F0748.MID2.MID3,,fd,1
F0045/MID1,F0045/MID3,fs,F0045,F0045,40,0,18,F0045.MID1.MID3,,fs,0
F0625/MID2,F0625/MID3,fd,F0625,F0625,587,0,42,F0625.MID2.MID3,,fd,1
F0856/MID3,F0856/MID1,ms,F0856,F0856,810,0,18,F0856.MID3.MID1,,ms,2
F0926/MID2,F0926/MID5,ms,F0926,F0926,878,0,12,F0926.MID2.MID5,,ms,2
F0174/MID1,F0174/MID5,fd,F0174,F0174,165,0,44,F0174.MID1.MID5,,fd,1
F0107/MID2,F0107/MID4,md,F0107,F0107,99,0,56,F0107.MID2.MID4,,md,3
F0759/MID2,F0759/MID4,ms,F0759,F0759,715,0,10,F0759.MID2.MID4,,ms,2
F0544/MID4,F0544/MID3,md,F0544,F0544,511,0,36,F0544.MID4.MID3,,md,3
F0980/MID4,F0980/MID1,md,F0980,F0980,932,0,10,F0980.MID4.MID1,,md,3
F0703/MID1,F0703/MID9,fs,F0703,F0703,662,0,5,F0703.MID1.MID9,,fs,0
F0171/MID1,F0171/MID6,fd,F0171,F0171,162,0,14,F0171.MID1.MID6,,fd,1
F0894/MID1,F0894/MID2,fd,F0894,F0894,847,0,80,F0894.MID1.MID2,,fd,1
F0851/MID4,F0851/MID5,md,F0851,F0851,805,0,24,F0851.MID4.MID5,,md,3
F0280/MID3,F0280/MID4,md,F0280,F0280,262,0,20,F0280.MID3.MID4,,md,3
F0896/MID2,F0896/MID5,ms,F0896,F0896,849,0,5,F0896.MID2.MID5,,ms,2
F0896/MID1,F0896/MID3,fs,F0896,F0896,849,0,32,F0896.MID1.MID3,,fs,0
F0895/MID1,F0895/MID3,fs,F0895,F0895,848,0,10,F0895.MID1.MID3,,fs,0
F0192/MID2,F0192/MID3,md,F0192,F0192,181,0,12,F0192.MID2.MID3,,md,3
F0757/MID2,F0757/MID3,fd,F0757,F0757,713,0,28,F0757.MID2.MID3,,fd,1
F0232/MID1,F0232/MID5,fd,F0232,F0232,217,0,6,F0232.MID1.MID5,,fd,1
F0181/MID1,F0181/MID3,fd,F0181,F0181,170,0,18,F0181.MID1.MID3,,fd,1
F0580/MID3,F0580/MID2,ms,F0580,F0580,545,0,35,F0580.MID3.MID2,,ms,2
F0298/MID2,F0298/MID4,fs,F0298,F0298,279,0,35,F0298.MID2.MID4,,fs,0
F0881/MID1,F0881/MID4,fd,F0881,F0881,834,0,27,F0881.MID1.MID4,,fd,1
F0545/MID1,F0545/MID3,fs,F0545,F0545,512,0,352,F0545.MID1.MID3,,fs,0
F0048/MID1,F0048/MID7,fd,F0048,F0048,43,0,8,F0048.MID1.MID7,,fd,1
F0253/MID2,F0253/MID4,fs,F0253,F0253,238,0,4,F0253.MID2.MID4,,fs,0
F0097/MID2,F0097/MID1,ms,F0097,F0097,90,0,18,F0097.MID2.MID1,,ms,2
F0208/MID1,F0208/MID4,fs,F0208,F0208,196,0,20,F0208.MID1.MID4,,fs,0
F0932/MID3,F0932/MID2,fd,F0932,F0932,884,0,12,F0932.MID3.MID2,,fd,1
F0197/MID2,F0197/MID4,fd,F0197,F0197,186,0,80,F0197.MID2.MID4,,fd,1
F0154/MID4,F0154/MID2,ms,F0154,F0154,145,0,14,F0154.MID4.MID2,,ms,2
F0143/MID1,F0143/MID3,fd,F0143,F0143,134,0,154,F0143.MID1.MID3,,fd,1
F0362/MID2,F0362/MID5,ms,F0362,F0362,339,0,32,F0362.MID2.MID5,,ms,2
F0994/MID4,F0994/MID2,ms,F0994,F0994,946,0,10,F0994.MID4.MID2,,ms,2
F0880/MID4,F0880/MID2,fd,F0880,F0880,833,0,12,F0880.MID4.MID2,,fd,1
F0642/MID4,F0642/MID3,md,F0642,F0642,603,0,24,F0642.MID4.MID3,,md,3
F0373/MID1,F0373/MID3,ms,F0373,F0373,349,0,56,F0373.MID1.MID3,,ms,2
F0985/MID2,F0985/MID4,ms,F0985,F0985,937,0,21,F0985.MID2.MID4,,ms,2
F0537/MID1,F0537/MID4,fd,F0537,F0537,504,0,48,F0537.MID1.MID4,,fd,1
F0589/MID2,F0589/MID3,md,F0589,F0589,554,0,6,F0589.MID2.MID3,,md,3
F0774/MID2,F0774/MID4,ms,F0774,F0774,729,0,42,F0774.MID2.MID4,,ms,2
F0362/MID1,F0362/MID4,fd,F0362,F0362,339,0,40,F0362.MID1.MID4,,fd,1
F0642/MID4,F0642/MID2,md,F0642,F0642,603,0,56,F0642.MID4.MID2,,md,3
F0079/MID3,F0079/MID1,md,F0079,F0079,72,0,50,F0079.MID3.MID1,,md,3
F0118/MID2,F0118/MID6,md,F0118,F0118,110,0,230,F0118.MID2.MID6,,md,3
F0413/MID5,F0413/MID4,fd,F0413,F0413,385,0,4,F0413.MID5.MID4,,fd,1
F0048/MID9,F0048/MID11,md,F0048,F0048,43,0,1,F0048.MID9.MID11,,md,3
F0991/MID18,F0991/MID16,fs,F0991,F0991,943,0,1,F0991.MID18.MID16,,fs,0
F0987/MID11,F0987/MID15,md,F0987,F0987,939,0,12,F0987.MID11.MID15,,md,3
F0814/MID3,F0814/MID1,fd,F0814,F0814,768,0,56,F0814.MID3.MID1,,fd,1
F0888/MID4,F0888/MID1,md,F0888,F0888,841,0,10,F0888.MID4.MID1,,md,3
F0521/MID1,F0521/MID5,fs,F0521,F0521,488,0,9,F0521.MID1.MID5,,fs,0
F0020/MID11,F0020/MID6,md,F0020,F0020,17,0,2,F0020.MID11.MID6,,md,3
F0759/MID5,F0759/MID13,md,F0759,F0759,715,0,1,F0759.MID5.MID13,,md,3
F0444/MID2,F0444/MID4,md,F0444,F0444,416,0,20,F0444.MID2.MID4,,md,3
F0816/MID2,F0816/MID5,md,F0816,F0816,770,0,12,F0816.MID2.MID5,,md,3
F0174/MID1,F0174/MID6,fd,F0174,F0174,165,0,55,F0174.MID1.MID6,,fd,1
F0770/MID5,F0770/MID3,md,F0770,F0770,726,0,6,F0770.MID5.MID3,,md,3
F0580/MID3,F0580/MID4,md,F0580,F0580,545,0,28,F0580.MID3.MID4,,md,3
F0595/MID3,F0595/MID6,ms,F0595,F0595,559,0,14,F0595.MID3.MID6,,ms,2
F0965/MID1,F0965/MID3,fs,F0965,F0965,917,0,24,F0965.MID1.MID3,,fs,0
F0004/MID3,F0004/MID5,md,F0004,F0004,3,0,48,F0004.MID3.MID5,,md,3
F1007/MID2,F1007/MID4,md,F1007,F1007,958,0,40,F1007.MID2.MID4,,md,3
F0743/MID3,F0743/MID2,fd,F0743,F0743,699,0,5,F0743.MID3.MID2,,fd,1
F0875/MID1,F0875/MID4,fs,F0875,F0875,828,0,20,F0875.MID1.MID4,,fs,0
F0447/MID1,F0447/MID3,fs,F0447,F0447,419,0,54,F0447.MID1.MID3,,fs,0
F0578/MID3,F0578/MID5,ms,F0578,F0578,543,0,4,F0578.MID3.MID5,,ms,2
F0142/MID6,F0142/MID2,fs,F0142,F0142,133,0,10,F0142.MID6.MID2,,fs,0
F0814/MID4,F0814/MID6,ms,F0814,F0814,768,0,3,F0814.MID4.MID6,,ms,2
F0475/MID1,F0475/MID3,fd,F0475,F0475,445,0,10,F0475.MID1.MID3,,fd,1
F0477/MID1,F0477/MID5,fd,F0477,F0477,447,0,10,F0477.MID1.MID5,,fd,1
F0221/MID3,F0221/MID2,fd,F0221,F0221,207,0,8,F0221.MID3.MID2,,fd,1
F0365/MID2,F0365/MID3,ms,F0365,F0365,342,0,16,F0365.MID2.MID3,,ms,2
F0835/MID7,F0835/MID6,fd,F0835,F0835,789,0,4,F0835.MID7.MID6,,fd,1
F0303/MID8,F0303/MID1,ms,F0303,F0303,284,0,116,F0303.MID8.MID1,,ms,2
F0508/MID1,F0508/MID4,fd,F0508,F0508,475,0,54,F0508.MID1.MID4,,fd,1
F0013/MID4,F0013/MID7,ms,F0013,F0013,12,0,3,F0013.MID4.MID7,,ms,2
F0944/MID2,F0944/MID4,ms,F0944,F0944,896,0,14,F0944.MID2.MID4,,ms,2
F0442/MID3,F0442/MID2,fs,F0442,F0442,414,0,6,F0442.MID3.MID2,,fs,0
F0601/MID4,F0601/MID2,md,F0601,F0601,565,0,913,F0601.MID4.MID2,,md,3
F0695/MID2,F0695/MID5,md,F0695,F0695,655,0,5,F0695.MID2.MID5,,md,3
F0501/MID1,F0501/MID4,fs,F0501,F0501,468,0,40,F0501.MID1.MID4,,fs,0
F0076/MID1,F0076/MID5,md,F0076,F0076,69,0,32,F0076.MID1.MID5,,md,3
F0942/MID1,F0942/MID3,fd,F0942,F0942,894,0,27,F0942.MID1.MID3,,fd,1
F0337/MID6,F0337/MID1,fs,F0337,F0337,315,0,4,F0337.MID6.MID1,,fs,0
F0941/MID1,F0941/MID4,fd,F0941,F0941,893,0,32,F0941.MID1.MID4,,fd,1
F0969/MID4,F0969/MID5,md,F0969,F0969,921,0,10,F0969.MID4.MID5,,md,3
F0645/MID1,F0645/MID8,fs,F0645,F0645,606,0,16,F0645.MID1.MID8,,fs,0
F0197/MID2,F0197/MID3,fs,F0197,F0197,186,0,70,F0197.MID2.MID3,,fs,0
F0929/MID1,F0929/MID3,fs,F0929,F0929,881,0,20,F0929.MID1.MID3,,fs,0
F0682/MID2,F0682/MID3,ms,F0682,F0682,642,0,12,F0682.MID2.MID3,,ms,2
F0987/MID7,F0987/MID9,ms,F0987,F0987,939,0,85,F0987.MID7.MID9,,ms,2
F0192/MID2,F0192/MID4,md,F0192,F0192,181,0,9,F0192.MID2.MID4,,md,3
F0967/MID2,F0967/MID3,ms,F0967,F0967,919,0,40,F0967.MID2.MID3,,ms,2
F0622/MID2,F0622/MID5,fd,F0622,F0622,584,0,33,F0622.MID2.MID5,,fd,1
F0596/MID2,F0596/MID3,ms,F0596,F0596,560,0,35,F0596.MID2.MID3,,ms,2
F0583/MID2,F0583/MID4,fd,F0583,F0583,548,0,20,F0583.MID2.MID4,,fd,1
F0885/MID4,F0885/MID6,ms,F0885,F0885,838,0,6,F0885.MID4.MID6,,ms,2
F0111/MID1,F0111/MID2,md,F0111,F0111,103,0,42,F0111.MID1.MID2,,md,3
F0353/MID2,F0353/MID4,md,F0353,F0353,330,0,168,F0353.MID2.MID4,,md,3
F0882/MID5,F0882/MID4,md,F0882,F0882,835,0,8,F0882.MID5.MID4,,md,3
F0796/MID1,F0796/MID3,md,F0796,F0796,750,0,63,F0796.MID1.MID3,,md,3
F0428/MID1,F0428/MID4,fd,F0428,F0428,400,0,3,F0428.MID1.MID4,,fd,1
F0739/MID5,F0739/MID3,fd,F0739,F0739,695,0,8,F0739.MID5.MID3,,fd,1
F0064/MID1,F0064/MID5,fs,F0064,F0064,57,0,286,F0064.MID1.MID5,,fs,0
F0783/MID1,F0783/MID5,ms,F0783,F0783,738,0,10,F0783.MID1.MID5,,ms,2
F0955/MID8,F0955/MID1,md,F0955,F0955,907,0,1,F0955.MID8.MID1,,md,3
F0968/MID4,F0968/MID1,fs,F0968,F0968,920,0,36,F0968.MID4.MID1,,fs,0
F0432/MID6,F0432/MID4,ms,F0432,F0432,404,0,15,F0432.MID6.MID4,,ms,2
F0376/MID8,F0376/MID6,ms,F0376,F0376,352,0,84,F0376.MID8.MID6,,ms,2
F0702/MID3,F0702/MID1,md,F0702,F0702,661,0,3,F0702.MID3.MID1,,md,3
F1017/MID2,F1017/MID4,md,F1017,F1017,961,0,15,F1017.MID2.MID4,,md,3
F0561/MID3,F0561/MID5,fd,F0561,F0561,527,0,4,F0561.MID3.MID5,,fd,1
F0811/MID5,F0811/MID6,md,F0811,F0811,765,0,3,F0811.MID5.MID6,,md,3
F0153/MID2,F0153/MID1,md,F0153,F0153,144,0,8,F0153.MID2.MID1,,md,3
F0658/MID1,F0658/MID7,fs,F0658,F0658,619,0,22,F0658.MID1.MID7,,fs,0
F0672/MID1,F0672/MID2,fs,F0672,F0672,632,0,117,F0672.MID1.MID2,,fs,0
F0929/MID2,F0929/MID4,md,F0929,F0929,881,0,10,F0929.MID2.MID4,,md,3
F1003/MID2,F1003/MID7,md,F1003,F1003,955,0,40,F1003.MID2.MID7,,md,3
F0612/MID3,F0612/MID1,fs,F0612,F0612,575,0,3,F0612.MID3.MID1,,fs,0
F0120/MID2,F0120/MID1,md,F0120,F0120,112,0,12,F0120.MID2.MID1,,md,3
F1016/MID6,F1016/MID2,md,F1016,F1016,960,0,54,F1016.MID6.MID2,,md,3
F0048/MID1,F0048/MID6,fs,F0048,F0048,43,0,16,F0048.MID1.MID6,,fs,0
F0759/MID1,F0759/MID9,fs,F0759,F0759,715,0,7,F0759.MID1.MID9,,fs,0
F0206/MID1,F0206/MID11,fd,F0206,F0206,194,0,126,F0206.MID1.MID11,,fd,1
F0206/MID2,F0206/MID3,ms,F0206,F0206,194,0,91,F0206.MID2.MID3,,ms,2
F0583/MID2,F0583/MID3,fs,F0583,F0583,548,0,50,F0583.MID2.MID3,,fs,0
F0740/MID8,F0740/MID9,fd,F0740,F0740,696,0,12,F0740.MID8.MID9,,fd,1
F0701/MID6,F0701/MID8,fs,F0701,F0701,660,0,6,F0701.MID6.MID8,,fs,0
F0796/MID1,F0796/MID2,md,F0796,F0796,750,0,49,F0796.MID1.MID2,,md,3
F0368/MID5,F0368/MID4,fd,F0368,F0368,345,0,6,F0368.MID5.MID4,,fd,1
F0295/MID3,F0295/MID2,fs,F0295,F0295,276,0,15,F0295.MID3.MID2,,fs,0
F0560/MID1,F0560/MID3,fs,F0560,F0560,526,0,40,F0560.MID1.MID3,,fs,0
F0425/MID6,F0425/MID7,fd,F0425,F0425,397,0,21,F0425.MID6.MID7,,fd,1
F0237/MID1,F0237/MID2,md,F0237,F0237,222,0,50,F0237.MID1.MID2,,md,3
F0865/MID1,F0865/MID3,fs,F0865,F0865,818,0,24,F0865.MID1.MID3,,fs,0
F0723/MID1,F0723/MID2,fs,F0723,F0723,679,0,24,F0723.MID1.MID2,,fs,0
F0967/MID1,F0967/MID4,fs,F0967,F0967,919,0,27,F0967.MID1.MID4,,fs,0
F0447/MID2,F0447/MID3,ms,F0447,F0447,419,0,42,F0447.MID2.MID3,,ms,2
F0601/MID18,F0601/MID30,fd,F0601,F0601,565,0,26,F0601.MID18.MID30,,fd,1
F0096/MID5,F0096/MID7,ms,F0096,F0096,89,0,36,F0096.MID5.MID7,,ms,2
F0844/MID1,F0844/MID3,fs,F0844,F0844,798,0,24,F0844.MID1.MID3,,fs,0
F0571/MID3,F0571/MID2,md,F0571,F0571,537,0,28,F0571.MID3.MID2,,md,3
F0038/MID1,F0038/MID6,fs,F0038,F0038,33,0,12,F0038.MID1.MID6,,fs,0
F0135/MID1,F0135/MID3,fd,F0135,F0135,127,0,4,F0135.MID1.MID3,,fd,1
F0829/MID6,F0829/MID1,ms,F0829,F0829,783,0,40,F0829.MID6.MID1,,ms,2
F0432/MID3,F0432/MID2,fs,F0432,F0432,404,0,32,F0432.MID3.MID2,,fs,0
F0411/MID1,F0411/MID3,fd,F0411,F0411,383,0,15,F0411.MID1.MID3,,fd,1
F0992/MID5,F0992/MID11,md,F0992,F0992,944,0,16,F0992.MID5.MID11,,md,3
F1001/MID1,F1001/MID3,ms,F1001,F1001,953,0,40,F1001.MID1.MID3,,ms,2
F0991/MID9,F0991/MID20,md,F0991,F0991,943,0,2,F0991.MID9.MID20,,md,3
F0152/MID6,F0152/MID4,fs,F0152,F0152,143,0,1,F0152.MID6.MID4,,fs,0
F0987/MID6,F0987/MID7,md,F0987,F0987,939,0,55,F0987.MID6.MID7,,md,3
F0798/MID2,F0798/MID4,fd,F0798,F0798,752,0,30,F0798.MID2.MID4,,fd,1
F0101/MID2,F0101/MID6,ms,F0101,F0101,94,0,24,F0101.MID2.MID6,,ms,2
F0090/MID6,F0090/MID2,md,F0090,F0090,83,0,18,F0090.MID6.MID2,,md,3
F0442/MID1,F0442/MID4,md,F0442,F0442,414,0,36,F0442.MID1.MID4,,md,3
F0442/MID5,F0442/MID6,md,F0442,F0442,414,0,9,F0442.MID5.MID6,,md,3
F0532/MID2,F0532/MID1,fs,F0532,F0532,499,0,28,F0532.MID2.MID1,,fs,0
F0009/MID7,F0009/MID6,ms,F0009,F0009,8,0,196,F0009.MID7.MID6,,ms,2
F0991/MID8,F0991/MID12,fs,F0991,F0991,943,0,1,F0991.MID8.MID12,,fs,0
F0269/MID2,F0269/MID4,md,F0269,F0269,252,0,36,F0269.MID2.MID4,,md,3
F1003/MID1,F1003/MID6,fd,F1003,F1003,955,0,60,F1003.MID1.MID6,,fd,1
F0378/MID1,F0378/MID3,fd,F0378,F0378,354,0,2,F0378.MID1.MID3,,fd,1
F0915/MID1,F0915/MID3,md,F0915,F0915,867,0,27,F0915.MID1.MID3,,md,3
F0388/MID2,F0388/MID5,md,F0388,F0388,363,0,28,F0388.MID2.MID5,,md,3
F0286/MID3,F0286/MID4,ms,F0286,F0286,268,0,3,F0286.MID3.MID4,,ms,2
F0295/MID4,F0295/MID2,ms,F0295,F0295,276,0,15,F0295.MID4.MID2,,ms,2
F0033/MID2,F0033/MID3,md,F0033,F0033,28,0,16,F0033.MID2.MID3,,md,3
F0849/MID3,F0849/MID1,fd,F0849,F0849,803,0,60,F0849.MID3.MID1,,fd,1
F0068/MID2,F0068/MID4,fs,F0068,F0068,61,0,15,F0068.MID2.MID4,,fs,0
F0391/MID1,F0391/MID3,fs,F0391,F0391,366,0,4,F0391.MID1.MID3,,fs,0
F0325/MID3,F0325/MID5,md,F0325,F0325,304,0,12,F0325.MID3.MID5,,md,3
F0542/MID4,F0542/MID1,fd,F0542,F0542,509,0,50,F0542.MID4.MID1,,fd,1
F0550/MID2,F0550/MID4,fd,F0550,F0550,517,0,10,F0550.MID2.MID4,,fd,1
F0325/MID2,F0325/MID12,ms,F0325,F0325,304,0,6,F0325.MID2.MID12,,ms,2
F0264/MID6,F0264/MID8,ms,F0264,F0264,248,0,1,F0264.MID6.MID8,,ms,2
F0928/MID1,F0928/MID3,fd,F0928,F0928,880,0,36,F0928.MID1.MID3,,fd,1
F0851/MID1,F0851/MID6,fd,F0851,F0851,805,0,10,F0851.MID1.MID6,,fd,1
F0478/MID1,F0478/MID7,fs,F0478,F0478,448,0,12,F0478.MID1.MID7,,fs,0
F0066/MID2,F0066/MID3,ms,F0066,F0066,59,0,88,F0066.MID2.MID3,,ms,2
F0935/MID1,F0935/MID3,fs,F0935,F0935,887,0,18,F0935.MID1.MID3,,fs,0
F0548/MID2,F0548/MID4,ms,F0548,F0548,515,0,10,F0548.MID2.MID4,,ms,2
F0804/MID3,F0804/MID6,md,F0804,F0804,758,0,3,F0804.MID3.MID6,,md,3
F0031/MID4,F0031/MID3,md,F0031,F0031,26,0,63,F0031.MID4.MID3,,md,3
F0249/MID1,F0249/MID10,fd,F0249,F0249,234,0,39,F0249.MID1.MID10,,fd,1
F0963/MID3,F0963/MID4,fd,F0963,F0963,915,0,6,F0963.MID3.MID4,,fd,1
F0079/MID4,F0079/MID2,fs,F0079,F0079,72,0,45,F0079.MID4.MID2,,fs,0
F0016/MID1,F0016/MID5,fs,F0016,F0016,14,0,6,F0016.MID1.MID5,,fs,0
F0118/MID2,F0118/MID5,md,F0118,F0118,110,0,46,F0118.MID2.MID5,,md,3
F0618/MID4,F0618/MID2,ms,F0618,F0618,581,0,10,F0618.MID4.MID2,,ms,2
F0125/MID6,F0125/MID1,fs,F0125,F0125,117,0,11,F0125.MID6.MID1,,fs,0
F0745/MID1,F0745/MID4,fd,F0745,F0745,701,0,50,F0745.MID1.MID4,,fd,1
F0551/MID1,F0551/MID4,fd,F0551,F0551,518,0,32,F0551.MID1.MID4,,fd,1
F0998/MID5,F0998/MID1,fs,F0998,F0998,950,0,2,F0998.MID5.MID1,,fs,0
F0678/MID1,F0678/MID5,fs,F0678,F0678,638,0,14,F0678.MID1.MID5,,fs,0
F0269/MID1,F0269/MID4,fd,F0269,F0269,252,0,60,F0269.MID1.MID4,,fd,1
F0992/MID12,F0992/MID16,fd,F0992,F0992,944,0,18,F0992.MID12.MID16,,fd,1
F0749/MID4,F0749/MID5,ms,F0749,F0749,705,0,27,F0749.MID4.MID5,,ms,2
F0574/MID1,F0574/MID2,fd,F0574,F0574,540,0,35,F0574.MID1.MID2,,fd,1
F0596/MID2,F0596/MID4,ms,F0596,F0596,560,0,63,F0596.MID2.MID4,,ms,2
F0941/MID2,F0941/MID4,md,F0941,F0941,893,0,24,F0941.MID2.MID4,,md,3
F0595/MID1,F0595/MID5,fd,F0595,F0595,559,0,72,F0595.MID1.MID5,,fd,1
F0090/MID4,F0090/MID11,fs,F0090,F0090,83,0,27,F0090.MID4.MID11,,fs,0
F0639/MID5,F0639/MID3,fs,F0639,F0639,601,0,2,F0639.MID5.MID3,,fs,0
F0746/MID1,F0746/MID4,fd,F0746,F0746,702,0,14,F0746.MID1.MID4,,fd,1
F0976/MID1,F0976/MID5,fd,F0976,F0976,928,0,19,F0976.MID1.MID5,,fd,1
F0423/MID2,F0423/MID7,fs,F0423,F0423,395,0,5,F0423.MID2.MID7,,fs,0
F0590/MID2,F0590/MID5,fs,F0590,F0590,555,0,8,F0590.MID2.MID5,,fs,0
F0216/MID1,F0216/MID3,fd,F0216,F0216,204,0,32,F0216.MID1.MID3,,fd,1
F0887/MID1,F0887/MID4,fd,F0887,F0887,840,0,27,F0887.MID1.MID4,,fd,1
F0350/MID1,F0350/MID3,fs,F0350,F0350,327,0,48,F0350.MID1.MID3,,fs,0
F0583/MID1,F0583/MID4,md,F0583,F0583,548,0,36,F0583.MID1.MID4,,md,3
F0647/MID4,F0647/MID2,md,F0647,F0647,608,0,33,F0647.MID4.MID2,,md,3
F0537/MID2,F0537/MID5,md,F0537,F0537,504,0,48,F0537.MID2.MID5,,md,3
F0013/MID3,F0013/MID8,fd,F0013,F0013,12,0,2,F0013.MID3.MID8,,fd,1
F0878/MID2,F0878/MID3,ms,F0878,F0878,831,0,48,F0878.MID2.MID3,,ms,2
F0270/MID4,F0270/MID2,md,F0270,F0270,253,0,20,F0270.MID4.MID2,,md,3
F0152/MID6,F0152/MID1,fd,F0152,F0152,143,0,5,F0152.MID6.MID1,,fd,1
F0202/MID3,F0202/MID5,ms,F0202,F0202,191,0,40,F0202.MID3.MID5,,ms,2
F0662/MID2,F0662/MID3,ms,F0662,F0662,623,0,1,F0662.MID2.MID3,,ms,2
F0326/MID2,F0326/MID1,ms,F0326,F0326,305,0,20,F0326.MID2.MID1,,ms,2
F0013/MID4,F0013/MID1,ms,F0013,F0013,12,0,30,F0013.MID4.MID1,,ms,2
F0288/MID1,F0288/MID3,fd,F0288,F0288,270,0,9,F0288.MID1.MID3,,fd,1
F0601/MID10,F0601/MID13,fs,F0601,F0601,565,0,90,F0601.MID10.MID13,,fs,0
F0039/MID2,F0039/MID4,fs,F0039,F0039,34,0,6,F0039.MID2.MID4,,fs,0
F0052/MID1,F0052/MID3,md,F0052,F0052,47,0,45,F0052.MID1.MID3,,md,3
F0764/MID1,F0764/MID2,ms,F0764,F0764,720,0,55,F0764.MID1.MID2,,ms,2
F0274/MID1,F0274/MID4,ms,F0274,F0274,257,0,35,F0274.MID1.MID4,,ms,2
F0434/MID3,F0434/MID2,fs,F0434,F0434,406,0,12,F0434.MID3.MID2,,fs,0
F0690/MID2,F0690/MID3,ms,F0690,F0690,650,0,12,F0690.MID2.MID3,,ms,2
F0703/MID5,F0703/MID6,fd,F0703,F0703,662,0,1,F0703.MID5.MID6,,fd,1
F0956/MID1,F0956/MID4,fs,F0956,F0956,908,0,36,F0956.MID1.MID4,,fs,0
F0327/MID2,F0327/MID6,ms,F0327,F0327,306,0,4,F0327.MID2.MID6,,ms,2
F0600/MID7,F0600/MID1,ms,F0600,F0600,564,0,45,F0600.MID7.MID1,,ms,2
F0711/MID3,F0711/MID4,ms,F0711,F0711,667,0,90,F0711.MID3.MID4,,ms,2
F0703/MID5,F0703/MID1,fs,F0703,F0703,662,0,5,F0703.MID5.MID1,,fs,0
F0964/MID4,F0964/MID1,ms,F0964,F0964,916,0,36,F0964.MID4.MID1,,ms,2
F0869/MID2,F0869/MID3,ms,F0869,F0869,822,0,80,F0869.MID2.MID3,,ms,2
F0885/MID1,F0885/MID2,fs,F0885,F0885,838,0,140,F0885.MID1.MID2,,fs,0
F0897/MID3,F0897/MID2,md,F0897,F0897,850,0,3,F0897.MID3.MID2,,md,3
F0992/MID13,F0992/MID2,ms,F0992,F0992,944,0,126,F0992.MID13.MID2,,ms,2
F0989/MID7,F0989/MID6,fd,F0989,F0989,941,0,50,F0989.MID7.MID6,,fd,1
F1016/MID6,F1016/MID1,md,F1016,F1016,960,0,54,F1016.MID6.MID1,,md,3
F0377/MID2,F0377/MID8,fd,F0377,F0377,353,0,7,F0377.MID2.MID8,,fd,1
F0526/MID5,F0526/MID1,ms,F0526,F0526,493,0,9,F0526.MID5.MID1,,ms,2
F0171/MID2,F0171/MID1,fs,F0171,F0171,162,0,7,F0171.MID2.MID1,,fs,0
F0107/MID2,F0107/MID3,md,F0107,F0107,99,0,56,F0107.MID2.MID3,,md,3
F0125/MID6,F0125/MID2,fd,F0125,F0125,117,0,1,F0125.MID6.MID2,,fd,1
F0973/MID1,F0973/MID2,md,F0973,F0973,925,0,63,F0973.MID1.MID2,,md,3
F0767/MID2,F0767/MID6,ms,F0767,F0767,723,0,42,F0767.MID2.MID6,,ms,2
F0033/MID2,F0033/MID5,md,F0033,F0033,28,0,12,F0033.MID2.MID5,,md,3
F0991/MID8,F0991/MID17,fd,F0991,F0991,943,0,1,F0991.MID8.MID17,,fd,1
F0401/MID4,F0401/MID9,md,F0401,F0401,373,0,3,F0401.MID4.MID9,,md,3
F0834/MID1,F0834/MID3,ms,F0834,F0834,788,0,40,F0834.MID1.MID3,,ms,2
F0232/MID2,F0232/MID4,md,F0232,F0232,217,0,24,F0232.MID2.MID4,,md,3
F0607/MID1,F0607/MID2,ms,F0607,F0607,571,0,72,F0607.MID1.MID2,,ms,2
F0015/MID1,F0015/MID3,md,F0015,F0015,13,0,204,F0015.MID1.MID3,,md,3
F0726/MID3,F0726/MID1,md,F0726,F0726,682,0,40,F0726.MID3.MID1,,md,3
F0874/MID6,F0874/MID5,md,F0874,F0874,827,0,8,F0874.MID6.MID5,,md,3
F0776/MID2,F0776/MID3,fd,F0776,F0776,731,0,25,F0776.MID2.MID3,,fd,1
F0991/MID2,F0991/MID6,md,F0991,F0991,943,0,40,F0991.MID2.MID6,,md,3
F0503/MID2,F0503/MID1,md,F0503,F0503,470,0,2,F0503.MID2.MID1,,md,3
F0337/MID1,F0337/MID9,fd,F0337,F0337,315,0,4,F0337.MID1.MID9,,fd,1
F0604/MID1,F0604/MID3,fd,F0604,F0604,568,0,25,F0604.MID1.MID3,,fd,1
F0880/MID1,F0880/MID2,md,F0880,F0880,833,0,54,F0880.MID1.MID2,,md,3
F0413/MID3,F0413/MID1,fd,F0413,F0413,385,0,6,F0413.MID3.MID1,,fd,1
F0759/MID2,F0759/MID9,ms,F0759,F0759,715,0,5,F0759.MID2.MID9,,ms,2
F0565/MID3,F0565/MID4,fd,F0565,F0565,531,0,15,F0565.MID3.MID4,,fd,1
F0142/MID5,F0142/MID2,ms,F0142,F0142,133,0,10,F0142.MID5.MID2,,ms,2
F0641/MID2,F0641/MID4,ms,F0641,F0641,602,0,14,F0641.MID2.MID4,,ms,2
F0206/MID7,F0206/MID8,ms,F0206,F0206,194,0,18,F0206.MID7.MID8,,ms,2
F0127/MID2,F0127/MID3,md,F0127,F0127,119,0,32,F0127.MID2.MID3,,md,3
F0029/MID2,F0029/MID5,md,F0029,F0029,24,0,24,F0029.MID2.MID5,,md,3
F0541/MID1,F0541/MID5,fs,F0541,F0541,508,0,15,F0541.MID1.MID5,,fs,0
F0545/MID2,F0545/MID3,ms,F0545,F0545,512,0,160,F0545.MID2.MID3,,ms,2
F0059/MID3,F0059/MID4,md,F0059,F0059,52,0,30,F0059.MID3.MID4,,md,3
F0088/MID2,F0088/MID6,ms,F0088,F0088,81,0,48,F0088.MID2.MID6,,ms,2
F0432/MID3,F0432/MID5,fd,F0432,F0432,404,0,16,F0432.MID3.MID5,,fd,1
F0054/MID1,F0054/MID4,fs,F0054,F0054,49,0,80,F0054.MID1.MID4,,fs,0
F0747/MID2,F0747/MID3,fs,F0747,F0747,703,0,8,F0747.MID2.MID3,,fs,0
F0965/MID8,F0965/MID1,fs,F0965,F0965,917,0,8,F0965.MID8.MID1,,fs,0
F0375/MID1,F0375/MID4,fd,F0375,F0375,351,0,11,F0375.MID1.MID4,,fd,1
F0551/MID1,F0551/MID2,fd,F0551,F0551,518,0,24,F0551.MID1.MID2,,fd,1
F0714/MID1,F0714/MID4,fs,F0714,F0714,670,0,72,F0714.MID1.MID4,,fs,0
F0835/MID2,F0835/MID5,fs,F0835,F0835,789,0,18,F0835.MID2.MID5,,fs,0
F0542/MID5,F0542/MID6,ms,F0542,F0542,509,0,30,F0542.MID5.MID6,,ms,2
F0737/MID5,F0737/MID4,ms,F0737,F0737,693,0,10,F0737.MID5.MID4,,ms,2
F0389/MID2,F0389/MID1,md,F0389,F0389,364,0,15,F0389.MID2.MID1,,md,3
F0696/MID4,F0696/MID5,md,F0696,F0696,656,0,24,F0696.MID4.MID5,,md,3
F0998/MID4,F0998/MID3,md,F0998,F0998,950,0,25,F0998.MID4.MID3,,md,3
F0269/MID5,F0269/MID1,fs,F0269,F0269,252,0,60,F0269.MID5.MID1,,fs,0
F0897/MID1,F0897/MID4,fs,F0897,F0897,850,0,16,F0897.MID1.MID4,,fs,0
F0544/MID5,F0544/MID3,fd,F0544,F0544,511,0,9,F0544.MID5.MID3,,fd,1
F0187/MID1,F0187/MID4,md,F0187,F0187,176,0,16,F0187.MID1.MID4,,md,3
F0289/MID1,F0289/MID5,fd,F0289,F0289,271,0,40,F0289.MID1.MID5,,fd,1
F0376/MID8,F0376/MID5,ms,F0376,F0376,352,0,70,F0376.MID8.MID5,,ms,2
F0966/MID1,F0966/MID3,fd,F0966,F0966,918,0,80,F0966.MID1.MID3,,fd,1
F0882/MID1,F0882/MID4,fd,F0882,F0882,835,0,28,F0882.MID1.MID4,,fd,1
F0886/MID2,F0886/MID3,md,F0886,F0886,839,0,4,F0886.MID2.MID3,,md,3
F0951/MID1,F0951/MID3,fs,F0951,F0951,903,0,48,F0951.MID1.MID3,,fs,0
F0622/MID2,F0622/MID4,fd,F0622,F0622,584,0,44,F0622.MID2.MID4,,fd,1
F0288/MID2,F0288/MID5,ms,F0288,F0288,270,0,6,F0288.MID2.MID5,,ms,2
F0790/MID1,F0790/MID3,fs,F0790,F0790,745,0,33,F0790.MID1.MID3,,fs,0
F0737/MID1,F0737/MID4,fs,F0737,F0737,693,0,45,F0737.MID1.MID4,,fs,0
F0690/MID2,F0690/MID8,ms,F0690,F0690,650,0,3,F0690.MID2.MID8,,ms,2
F0273/MID2,F0273/MID4,ms,F0273,F0273,256,0,28,F0273.MID2.MID4,,ms,2
F0251/MID7,F0251/MID2,ms,F0251,F0251,236,0,1,F0251.MID7.MID2,,ms,2
F0020/MID1,F0020/MID10,fd,F0020,F0020,17,0,9,F0020.MID1.MID10,,fd,1
F0494/MID1,F0494/MID5,fd,F0494,F0494,463,0,35,F0494.MID1.MID5,,fd,1
F0077/MID2,F0077/MID6,ms,F0077,F0077,70,0,9,F0077.MID2.MID6,,ms,2
F0985/MID1,F0985/MID4,fs,F0985,F0985,937,0,30,F0985.MID1.MID4,,fs,0
F0256/MID2,F0256/MID3,md,F0256,F0256,241,0,30,F0256.MID2.MID3,,md,3
F0460/MID2,F0460/MID5,ms,F0460,F0460,432,0,14,F0460.MID2.MID5,,ms,2
F0294/MID2,F0294/MID3,fd,F0294,F0294,275,0,25,F0294.MID2.MID3,,fd,1
F0064/MID2,F0064/MID3,ms,F0064,F0064,57,0,88,F0064.MID2.MID3,,ms,2
F0566/MID8,F0566/MID6,ms,F0566,F0566,532,0,1,F0566.MID8.MID6,,ms,2
F0840/MID4,F0840/MID1,md,F0840,F0840,794,0,9,F0840.MID4.MID1,,md,3
F0494/MID2,F0494/MID3,ms,F0494,F0494,463,0,49,F0494.MID2.MID3,,ms,2
F0729/MID2,F0729/MID4,md,F0729,F0729,685,0,72,F0729.MID2.MID4,,md,3
F0886/MID1,F0886/MID5,ms,F0886,F0886,839,0,45,F0886.MID1.MID5,,ms,2
F0120/MID1,F0120/MID6,md,F0120,F0120,112,0,12,F0120.MID1.MID6,,md,3
F0120/MID3,F0120/MID5,fs,F0120,F0120,112,0,16,F0120.MID3.MID5,,fs,0
F0850/MID1,F0850/MID2,fs,F0850,F0850,804,0,56,F0850.MID1.MID2,,fs,0
F0890/MID2,F0890/MID3,md,F0890,F0890,843,0,24,F0890.MID2.MID3,,md,3
F0197/MID1,F0197/MID6,md,F0197,F0197,186,0,70,F0197.MID1.MID6,,md,3
F0249/MID2,F0249/MID3,ms,F0249,F0249,234,0,35,F0249.MID2.MID3,,ms,2
F0442/MID1,F0442/MID2,ms,F0442,F0442,414,0,36,F0442.MID1.MID2,,ms,2
F0695/MID3,F0695/MID1,fs,F0695,F0695,655,0,7,F0695.MID3.MID1,,fs,0
F0506/MID1,F0506/MID6,fd,F0506,F0506,473,0,27,F0506.MID1.MID6,,fd,1
F0991/MID17,F0991/MID15,ms,F0991,F0991,943,0,1,F0991.MID17.MID15,,ms,2
F0684/MID5,F0684/MID2,ms,F0684,F0684,644,0,12,F0684.MID5.MID2,,ms,2
F0368/MID3,F0368/MID1,md,F0368,F0368,345,0,45,F0368.MID3.MID1,,md,3
F0437/MID3,F0437/MID2,ms,F0437,F0437,409,0,4,F0437.MID3.MID2,,ms,2
F0340/MID2,F0340/MID1,md,F0340,F0340,318,0,48,F0340.MID2.MID1,,md,3
F0132/MID2,F0132/MID3,ms,F0132,F0132,124,0,20,F0132.MID2.MID3,,ms,2
F0494/MID1,F0494/MID3,fs,F0494,F0494,463,0,49,F0494.MID1.MID3,,fs,0
F0686/MID3,F0686/MID1,fd,F0686,F0686,646,0,294,F0686.MID3.MID1,,fd,1
F0453/MID2,F0453/MID4,ms,F0453,F0453,425,0,40,F0453.MID2.MID4,,ms,2
F0601/MID3,F0601/MID16,fd,F0601,F0601,565,0,240,F0601.MID3.MID16,,fd,1
F0090/MID1,F0090/MID4,fs,F0090,F0090,83,0,171,F0090.MID1.MID4,,fs,0
F0730/MID2,F0730/MID1,ms,F0730,F0730,686,0,32,F0730.MID2.MID1,,ms,2
F0622/MID2,F0622/MID6,fd,F0622,F0622,584,0,33,F0622.MID2.MID6,,fd,1
F0552/MID1,F0552/MID12,fs,F0552,F0552,519,0,30,F0552.MID1.MID12,,fs,0
F0247/MID1,F0247/MID3,ms,F0247,F0247,232,0,18,F0247.MID1.MID3,,ms,2
F0117/MID1,F0117/MID5,fd,F0117,F0117,109,0,24,F0117.MID1.MID5,,fd,1
F0806/MID1,F0806/MID4,ms,F0806,F0806,760,0,72,F0806.MID1.MID4,,ms,2
F0293/MID5,F0293/MID2,fd,F0293,F0293,274,0,16,F0293.MID5.MID2,,fd,1
F0294/MID1,F0294/MID3,md,F0294,F0294,275,0,45,F0294.MID1.MID3,,md,3
F0715/MID3,F0715/MID6,ms,F0715,F0715,671,0,4,F0715.MID3.MID6,,ms,2
F0825/MID5,F0825/MID2,fd,F0825,F0825,779,0,1,F0825.MID5.MID2,,fd,1
F0601/MID29,F0601/MID18,fs,F0601,F0601,565,0,65,F0601.MID29.MID18,,fs,0
F0277/MID3,F0277/MID1,fd,F0277,F0277,259,0,6,F0277.MID3.MID1,,fd,1
F0194/MID1,F0194/MID3,fs,F0194,F0194,183,0,24,F0194.MID1.MID3,,fs,0
F0527/MID2,F0527/MID1,fs,F0527,F0527,494,0,36,F0527.MID2.MID1,,fs,0
F0048/MID9,F0048/MID10,md,F0048,F0048,43,0,1,F0048.MID9.MID10,,md,3
F0906/MID1,F0906/MID3,md,F0906,F0906,859,0,9,F0906.MID1.MID3,,md,3
F0957/MID1,F0957/MID3,fs,F0957,F0957,909,0,54,F0957.MID1.MID3,,fs,0
F0173/MID3,F0173/MID4,md,F0173,F0173,164,0,80,F0173.MID3.MID4,,md,3
F0376/MID1,F0376/MID6,fs,F0376,F0376,352,0,96,F0376.MID1.MID6,,fs,0
F0237/MID1,F0237/MID3,md,F0237,F0237,222,0,30,F0237.MID1.MID3,,md,3
F0115/MID2,F0115/MID4,md,F0115,F0115,107,0,28,F0115.MID2.MID4,,md,3
F0486/MID1,F0486/MID6,md,F0486,F0486,455,0,15,F0486.MID1.MID6,,md,3
F0401/MID1,F0401/MID6,fs,F0401,F0401,373,0,16,F0401.MID1.MID6,,fs,0
F0550/MID3,F0550/MID1,ms,F0550,F0550,517,0,33,F0550.MID3.MID1,,ms,2
F0416/MID6,F0416/MID3,md,F0416,F0416,388,0,22,F0416.MID6.MID3,,md,3
F0299/MID1,F0299/MID4,fs,F0299,F0299,280,0,18,F0299.MID1.MID4,,fs,0
F0818/MID2,F0818/MID3,md,F0818,F0818,772,0,2,F0818.MID2.MID3,,md,3
F0339/MID5,F0339/MID2,ms,F0339,F0339,317,0,15,F0339.MID5.MID2,,ms,2
F0052/MID1,F0052/MID4,md,F0052,F0052,47,0,54,F0052.MID1.MID4,,md,3
F0898/MID2,F0898/MID1,md,F0898,F0898,851,0,12,F0898.MID2.MID1,,md,3
F0392/MID4,F0392/MID1,fs,F0392,F0392,367,0,4,F0392.MID4.MID1,,fs,0
F0020/MID9,F0020/MID5,md,F0020,F0020,17,0,2,F0020.MID9.MID5,,md,3
F0058/MID3,F0058/MID1,md,F0058,F0058,51,0,190,F0058.MID3.MID1,,md,3
F0353/MID1,F0353/MID4,fd,F0353,F0353,330,0,42,F0353.MID1.MID4,,fd,1
F0515/MID2,F0515/MID4,ms,F0515,F0515,482,0,49,F0515.MID2.MID4,,ms,2
F0686/MID5,F0686/MID3,ms,F0686,F0686,646,0,63,F0686.MID5.MID3,,ms,2
F0174/MID1,F0174/MID4,fd,F0174,F0174,165,0,44,F0174.MID1.MID4,,fd,1
F0936/MID2,F0936/MID1,ms,F0936,F0936,888,0,66,F0936.MID2.MID1,,ms,2
F0701/MID6,F0701/MID7,fd,F0701,F0701,660,0,6,F0701.MID6.MID7,,fd,1
F0477/MID1,F0477/MID3,fs,F0477,F0477,447,0,10,F0477.MID1.MID3,,fs,0
F0388/MID2,F0388/MID4,md,F0388,F0388,363,0,35,F0388.MID2.MID4,,md,3
F0425/MID2,F0425/MID3,ms,F0425,F0425,397,0,360,F0425.MID2.MID3,,ms,2
F0013/MID2,F0013/MID10,ms,F0013,F0013,12,0,14,F0013.MID2.MID10,,ms,2
F0783/MID3,F0783/MID5,fs,F0783,F0783,738,0,14,F0783.MID3.MID5,,fs,0
F0545/MID1,F0545/MID6,fd,F0545,F0545,512,0,66,F0545.MID1.MID6,,fd,1
F0425/MID6,F0425/MID9,fs,F0425,F0425,397,0,14,F0425.MID6.MID9,,fs,0
F0684/MID5,F0684/MID4,ms,F0684,F0684,644,0,16,F0684.MID5.MID4,,ms,2
F0459/MID3,F0459/MID5,md,F0459,F0459,431,0,1,F0459.MID3.MID5,,md,3
F0254/MID6,F0254/MID1,fs,F0254,F0254,239,0,9,F0254.MID6.MID1,,fs,0
F0047/MID1,F0047/MID3,ms,F0047,F0047,42,0,55,F0047.MID1.MID3,,ms,2
F0168/MID2,F0168/MID3,md,F0168,F0168,159,0,35,F0168.MID2.MID3,,md,3
F0976/MID2,F0976/MID5,md,F0976,F0976,928,0,5,F0976.MID2.MID5,,md,3
F0032/MID4,F0032/MID1,fd,F0032,F0032,27,0,42,F0032.MID4.MID1,,fd,1
F0380/MID7,F0380/MID1,ms,F0380,F0380,356,0,39,F0380.MID7.MID1,,ms,2
F0206/MID1,F0206/MID3,fs,F0206,F0206,194,0,273,F0206.MID1.MID3,,fs,0
F0242/MID1,F0242/MID3,fd,F0242,F0242,227,0,30,F0242.MID1.MID3,,fd,1
F0997/MID1,F0997/MID3,fs,F0997,F0997,949,0,18,F0997.MID1.MID3,,fs,0
F0280/MID4,F0280/MID2,md,F0280,F0280,262,0,4,F0280.MID4.MID2,,md,3
F0816/MID2,F0816/MID3,ms,F0816,F0816,770,0,4,F0816.MID2.MID3,,ms,2
F0476/MID4,F0476/MID5,ms,F0476,F0476,446,0,4,F0476.MID4.MID5,,ms,2
F0088/MID1,F0088/MID4,fs,F0088,F0088,81,0,91,F0088.MID1.MID4,,fs,0
F0688/MID4,F0688/MID3,ms,F0688,F0688,648,0,15,F0688.MID4.MID3,,ms,2
F0163/MID1,F0163/MID7,fd,F0163,F0163,154,0,9,F0163.MID1.MID7,,fd,1
F0889/MID1,F0889/MID3,md,F0889,F0889,842,0,4,F0889.MID1.MID3,,md,3
F0821/MID3,F0821/MID2,md,F0821,F0821,775,0,42,F0821.MID3.MID2,,md,3
F0636/MID2,F0636/MID4,md,F0636,F0636,598,0,4,F0636.MID2.MID4,,md,3
F0061/MID2,F0061/MID4,md,F0061,F0061,54,0,6,F0061.MID2.MID4,,md,3
F0835/MID1,F0835/MID6,md,F0835,F0835,789,0,32,F0835.MID1.MID6,,md,3
F0779/MID1,F0779/MID2,fd,F0779,F0779,734,0,24,F0779.MID1.MID2,,fd,1
F0974/MID1,F0974/MID3,fd,F0974,F0974,926,0,72,F0974.MID1.MID3,,fd,1
F0297/MID2,F0297/MID4,fs,F0297,F0297,278,0,40,F0297.MID2.MID4,,fs,0
F0882/MID5,F0882/MID2,md,F0882,F0882,835,0,20,F0882.MID5.MID2,,md,3
F0141/MID2,F0141/MID4,ms,F0141,F0141,132,0,32,F0141.MID2.MID4,,ms,2
F0241/MID2,F0241/MID4,fd,F0241,F0241,226,0,14,F0241.MID2.MID4,,fd,1
F0154/MID1,F0154/MID2,fs,F0154,F0154,145,0,12,F0154.MID1.MID2,,fs,0
F0601/MID8,F0601/MID28,md,F0601,F0601,565,0,325,F0601.MID8.MID28,,md,3
F0451/MID3,F0451/MID1,ms,F0451,F0451,423,0,4,F0451.MID3.MID1,,ms,2
F0770/MID5,F0770/MID4,md,F0770,F0770,726,0,18,F0770.MID5.MID4,,md,3
F0293/MID7,F0293/MID9,md,F0293,F0293,274,0,2,F0293.MID7.MID9,,md,3
F0166/MID2,F0166/MID3,ms,F0166,F0166,157,0,36,F0166.MID2.MID3,,ms,2
F0048/MID9,F0048/MID3,ms,F0048,F0048,43,0,3,F0048.MID9.MID3,,ms,2
F0989/MID11,F0989/MID12,md,F0989,F0989,941,0,1,F0989.MID11.MID12,,md,3
F0948/MID1,F0948/MID3,fd,F0948,F0948,900,0,12,F0948.MID1.MID3,,fd,1
F0763/MID3,F0763/MID7,md,F0763,F0763,719,0,50,F0763.MID3.MID7,,md,3
F0482/MID3,F0482/MID4,fs,F0482,F0482,452,0,1,F0482.MID3.MID4,,fs,0
F0583/MID7,F0583/MID1,fd,F0583,F0583,548,0,36,F0583.MID7.MID1,,fd,1
F0080/MID3,F0080/MID8,fs,F0080,F0080,73,0,9,F0080.MID3.MID8,,fs,0
F0774/MID6,F0774/MID7,ms,F0774,F0774,729,0,1,F0774.MID6.MID7,,ms,2
F0535/MID4,F0535/MID1,fd,F0535,F0535,502,0,20,F0535.MID4.MID1,,fd,1
F0298/MID1,F0298/MID4,ms,F0298,F0298,279,0,50,F0298.MID1.MID4,,ms,2
F0885/MID5,F0885/MID6,fs,F0885,F0885,838,0,4,F0885.MID5.MID6,,fs,0
F0702/MID3,F0702/MID6,md,F0702,F0702,661,0,2,F0702.MID3.MID6,,md,3
F0212/MID1,F0212/MID4,fd,F0212,F0212,200,0,16,F0212.MID1.MID4,,fd,1
F0944/MID2,F0944/MID3,md,F0944,F0944,896,0,49,F0944.MID2.MID3,,md,3
F0680/MID1,F0680/MID2,fd,F0680,F0680,640,0,60,F0680.MID1.MID2,,fd,1
F0774/MID1,F0774/MID3,fs,F0774,F0774,729,0,63,F0774.MID1.MID3,,fs,0
F0459/MID1,F0459/MID2,fd,F0459,F0459,431,0,5,F0459.MID1.MID2,,fd,1
F0393/MID1,F0393/MID2,fs,F0393,F0393,368,0,30,F0393.MID1.MID2,,fs,0
F0992/MID6,F0992/MID10,fd,F0992,F0992,944,0,36,F0992.MID6.MID10,,fd,1
F0010/MID2,F0010/MID4,md,F0010,F0010,9,0,80,F0010.MID2.MID4,,md,3
F0790/MID1,F0790/MID4,fd,F0790,F0790,745,0,99,F0790.MID1.MID4,,fd,1
F0064/MID1,F0064/MID3,fs,F0064,F0064,57,0,242,F0064.MID1.MID3,,fs,0
F0703/MID2,F0703/MID10,md,F0703,F0703,662,0,3,F0703.MID2.MID10,,md,3
F0209/MID6,F0209/MID3,ms,F0209,F0209,197,0,2,F0209.MID6.MID3,,ms,2
F0595/MID3,F0595/MID5,md,F0595,F0595,559,0,28,F0595.MID3.MID5,,md,3
F0154/MID4,F0154/MID3,ms,F0154,F0154,145,0,28,F0154.MID4.MID3,,ms,2
F0946/MID3,F0946/MID2,md,F0946,F0946,898,0,35,F0946.MID3.MID2,,md,3
F0090/MID8,F0090/MID9,ms,F0090,F0090,83,0,4,F0090.MID8.MID9,,ms,2
F0954/MID1,F0954/MID5,fd,F0954,F0954,906,0,55,F0954.MID1.MID5,,fd,1
F0442/MID8,F0442/MID7,fd,F0442,F0442,414,0,4,F0442.MID8.MID7,,fd,1
F0473/MID5,F0473/MID6,md,F0473,F0473,443,0,18,F0473.MID5.MID6,,md,3
F0307/MID3,F0307/MID2,md,F0307,F0307,287,0,90,F0307.MID3.MID2,,md,3
F0850/MID3,F0850/MID4,md,F0850,F0850,804,0,32,F0850.MID3.MID4,,md,3
F0984/MID1,F0984/MID3,fd,F0984,F0984,936,0,70,F0984.MID1.MID3,,fd,1
F0843/MID1,F0843/MID3,fs,F0843,F0843,797,0,10,F0843.MID1.MID3,,fs,0
F0825/MID5,F0825/MID3,fd,F0825,F0825,779,0,1,F0825.MID5.MID3,,fd,1
F0354/MID5,F0354/MID1,ms,F0354,F0354,331,0,27,F0354.MID5.MID1,,ms,2
F0588/MID2,F0588/MID1,md,F0588,F0588,553,0,40,F0588.MID2.MID1,,md,3
F0814/MID4,F0814/MID2,ms,F0814,F0814,768,0,15,F0814.MID4.MID2,,ms,2
F0257/MID4,F0257/MID2,ms,F0257,F0257,242,0,12,F0257.MID4.MID2,,ms,2
F0703/MID4,F0703/MID6,md,F0703,F0703,662,0,2,F0703.MID4.MID6,,md,3
F0212/MID3,F0212/MID2,md,F0212,F0212,200,0,24,F0212.MID3.MID2,,md,3
F0963/MID1,F0963/MID4,md,F0963,F0963,915,0,4,F0963.MID1.MID4,,md,3
F0874/MID1,F0874/MID4,fs,F0874,F0874,827,0,50,F0874.MID1.MID4,,fs,0
F0423/MID5,F0423/MID3,ms,F0423,F0423,395,0,6,F0423.MID5.MID3,,ms,2
F0293/MID10,F0293/MID1,fs,F0293,F0293,274,0,7,F0293.MID10.MID1,,fs,0
F0194/MID6,F0194/MID1,ms,F0194,F0194,183,0,16,F0194.MID6.MID1,,ms,2
F0827/MID1,F0827/MID3,ms,F0827,F0827,781,0,72,F0827.MID1.MID3,,ms,2
F0987/MID12,F0987/MID13,fs,F0987,F0987,939,0,6,F0987.MID12.MID13,,fs,0
F0380/MID5,F0380/MID1,fs,F0380,F0380,356,0,26,F0380.MID5.MID1,,fs,0
F0763/MID3,F0763/MID4,md,F0763,F0763,719,0,30,F0763.MID3.MID4,,md,3
F0059/MID1,F0059/MID4,fd,F0059,F0059,52,0,18,F0059.MID1.MID4,,fd,1
F0077/MID1,F0077/MID3,fd,F0077,F0077,70,0,70,F0077.MID1.MID3,,fd,1
F0004/MID7,F0004/MID6,ms,F0004,F0004,3,0,9,F0004.MID7.MID6,,ms,2
F0891/MID1,F0891/MID3,md,F0891,F0891,844,0,64,F0891.MID1.MID3,,md,3
F0773/MID6,F0773/MID2,ms,F0773,F0773,728,0,6,F0773.MID6.MID2,,ms,2
F0016/MID2,F0016/MID3,fs,F0016,F0016,14,0,4,F0016.MID2.MID3,,fs,0
F0325/MID3,F0325/MID7,md,F0325,F0325,304,0,12,F0325.MID3.MID7,,md,3
F0036/MID6,F0036/MID1,ms,F0036,F0036,31,0,16,F0036.MID6.MID1,,ms,2
F0645/MID2,F0645/MID1,ms,F0645,F0645,606,0,32,F0645.MID2.MID1,,ms,2
F0439/MID1,F0439/MID5,fs,F0439,F0439,411,0,90,F0439.MID1.MID5,,fs,0
F0141/MID2,F0141/MID6,ms,F0141,F0141,132,0,40,F0141.MID2.MID6,,ms,2
F0152/MID5,F0152/MID1,md,F0152,F0152,143,0,5,F0152.MID5.MID1,,md,3
F0771/MID1,F0771/MID5,fd,F0771,F0771,727,0,33,F0771.MID1.MID5,,fd,1
F0887/MID10,F0887/MID11,fs,F0887,F0887,840,0,1,F0887.MID10.MID11,,fs,0
F0737/MID3,F0737/MID1,ms,F0737,F0737,693,0,27,F0737.MID3.MID1,,ms,2
F0723/MID3,F0723/MID2,ms,F0723,F0723,679,0,42,F0723.MID3.MID2,,ms,2
F0425/MID6,F0425/MID8,fd,F0425,F0425,397,0,21,F0425.MID6.MID8,,fd,1
F0825/MID6,F0825/MID1,ms,F0825,F0825,779,0,5,F0825.MID6.MID1,,ms,2
F0975/MID3,F0975/MID1,fd,F0975,F0975,927,0,10,F0975.MID3.MID1,,fd,1
F0098/MID2,F0098/MID3,md,F0098,F0098,91,0,40,F0098.MID2.MID3,,md,3
F0694/MID3,F0694/MID1,ms,F0694,F0694,654,0,30,F0694.MID3.MID1,,ms,2
F0957/MID2,F0957/MID3,ms,F0957,F0957,909,0,42,F0957.MID2.MID3,,ms,2
F0120/MID3,F0120/MID6,fd,F0120,F0120,112,0,8,F0120.MID3.MID6,,fd,1
F0212/MID1,F0212/MID5,fs,F0212,F0212,200,0,8,F0212.MID1.MID5,,fs,0
F0967/MID1,F0967/MID3,fs,F0967,F0967,919,0,45,F0967.MID1.MID3,,fs,0
F0658/MID8,F0658/MID6,fs,F0658,F0658,619,0,1,F0658.MID8.MID6,,fs,0
F0601/MID37,F0601/MID3,ms,F0601,F0601,565,0,30,F0601.MID37.MID3,,ms,2
F0118/MID1,F0118/MID7,fs,F0118,F0118,110,0,312,F0118.MID1.MID7,,fs,0
F0532/MID2,F0532/MID4,fd,F0532,F0532,499,0,8,F0532.MID2.MID4,,fd,1
F0088/MID2,F0088/MID3,md,F0088,F0088,81,0,108,F0088.MID2.MID3,,md,3
F0991/MID18,F0991/MID13,fd,F0991,F0991,943,0,2,F0991.MID18.MID13,,fd,1
F0874/MID6,F0874/MID3,md,F0874,F0874,827,0,10,F0874.MID6.MID3,,md,3
F0747/MID5,F0747/MID4,ms,F0747,F0747,703,0,1,F0747.MID5.MID4,,ms,2
F0718/MID2,F0718/MID3,md,F0718,F0718,674,0,42,F0718.MID2.MID3,,md,3
F0115/MID2,F0115/MID1,md,F0115,F0115,107,0,70,F0115.MID2.MID1,,md,3
F0704/MID2,F0704/MID5,md,F0704,F0704,663,0,24,F0704.MID2.MID5,,md,3
F0978/MID1,F0978/MID3,md,F0978,F0978,930,0,12,F0978.MID1.MID3,,md,3
F0097/MID2,F0097/MID5,ms,F0097,F0097,90,0,2,F0097.MID2.MID5,,ms,2
F0117/MID2,F0117/MID4,md,F0117,F0117,109,0,72,F0117.MID2.MID4,,md,3
F0795/MID3,F0795/MID5,fs,F0795,F0795,749,0,30,F0795.MID3.MID5,,fs,0
F0802/MID1,F0802/MID4,fd,F0802,F0802,756,0,16,F0802.MID1.MID4,,fd,1
F0596/MID1,F0596/MID3,fs,F0596,F0596,560,0,40,F0596.MID1.MID3,,fs,0
F0105/MID2,F0105/MID4,ms,F0105,F0105,97,0,24,F0105.MID2.MID4,,ms,2
F0682/MID2,F0682/MID4,ms,F0682,F0682,642,0,15,F0682.MID2.MID4,,ms,2
F0089/MID1,F0089/MID3,md,F0089,F0089,82,0,72,F0089.MID1.MID3,,md,3
F0118/MID2,F0118/MID3,ms,F0118,F0118,110,0,46,F0118.MID2.MID3,,ms,2
F0993/MID6,F0993/MID4,ms,F0993,F0993,945,0,2,F0993.MID6.MID4,,ms,2
F0509/MID2,F0509/MID3,fs,F0509,F0509,476,0,20,F0509.MID2.MID3,,fs,0
F0319/MID5,F0319/MID2,fd,F0319,F0319,298,0,8,F0319.MID5.MID2,,fd,1
F0880/MID1,F0880/MID3,md,F0880,F0880,833,0,63,F0880.MID1.MID3,,md,3
F0825/MID1,F0825/MID9,fs,F0825,F0825,779,0,10,F0825.MID1.MID9,,fs,0
F0267/MID3,F0267/MID1,fs,F0267,F0267,250,0,44,F0267.MID3.MID1,,fs,0
F0246/MID5,F0246/MID1,fd,F0246,F0246,231,0,16,F0246.MID5.MID1,,fd,1
F0077/MID1,F0077/MID4,fs,F0077,F0077,70,0,10,F0077.MID1.MID4,,fs,0
F0920/MID6,F0920/MID2,md,F0920,F0920,872,0,30,F0920.MID6.MID2,,md,3
F0659/MID1,F0659/MID2,fd,F0659,F0659,620,0,18,F0659.MID1.MID2,,fd,1
F0173/MID3,F0173/MID2,md,F0173,F0173,164,0,90,F0173.MID3.MID2,,md,3
F0288/MID2,F0288/MID6,md,F0288,F0288,270,0,3,F0288.MID2.MID6,,md,3
F0637/MID2,F0637/MID3,md,F0637,F0637,599,0,20,F0637.MID2.MID3,,md,3
F0734/MID2,F0734/MID4,md,F0734,F0734,690,0,9,F0734.MID2.MID4,,md,3
F0081/MID1,F0081/MID7,fs,F0081,F0081,74,0,6,F0081.MID1.MID7,,fs,0
F0664/MID1,F0664/MID4,ms,F0664,F0664,625,0,60,F0664.MID1.MID4,,ms,2
F0059/MID1,F0059/MID2,fs,F0059,F0059,52,0,54,F0059.MID1.MID2,,fs,0
F0251/MID5,F0251/MID8,md,F0251,F0251,236,0,8,F0251.MID5.MID8,,md,3
F0380/MID1,F0380/MID3,fd,F0380,F0380,356,0,91,F0380.MID1.MID3,,fd,1
F0664/MID2,F0664/MID5,fs,F0664,F0664,625,0,24,F0664.MID2.MID5,,fs,0
F0272/MID1,F0272/MID3,fd,F0272,F0272,255,0,15,F0272.MID1.MID3,,fd,1
F0598/MID2,F0598/MID1,fs,F0598,F0598,562,0,11,F0598.MID2.MID1,,fs,0
F0295/MID1,F0295/MID6,md,F0295,F0295,276,0,50,F0295.MID1.MID6,,md,3
F0508/MID3,F0508/MID2,ms,F0508,F0508,475,0,56,F0508.MID3.MID2,,ms,2
F0759/MID1,F0759/MID10,fs,F0759,F0759,715,0,7,F0759.MID1.MID10,,fs,0
F0423/MID4,F0423/MID2,fs,F0423,F0423,395,0,10,F0423.MID4.MID2,,fs,0
F0645/MID2,F0645/MID7,ms,F0645,F0645,606,0,16,F0645.MID2.MID7,,ms,2
F0535/MID3,F0535/MID2,ms,F0535,F0535,502,0,14,F0535.MID3.MID2,,ms,2
F0020/MID1,F0020/MID3,fd,F0020,F0020,17,0,27,F0020.MID1.MID3,,fd,1
F0128/MID1,F0128/MID5,fs,F0128,F0128,120,0,75,F0128.MID1.MID5,,fs,0
F0269/MID1,F0269/MID6,fs,F0269,F0269,252,0,45,F0269.MID1.MID6,,fs,0
F0542/MID5,F0542/MID1,md,F0542,F0542,509,0,50,F0542.MID5.MID1,,md,3
F0080/MID1,F0080/MID4,md,F0080,F0080,73,0,24,F0080.MID1.MID4,,md,3
F0416/MID7,F0416/MID3,fd,F0416,F0416,388,0,33,F0416.MID7.MID3,,fd,1
F0559/MID4,F0559/MID3,md,F0559,F0559,525,0,2,F0559.MID4.MID3,,md,3
F0526/MID2,F0526/MID3,md,F0526,F0526,493,0,18,F0526.MID2.MID3,,md,3
F0935/MID2,F0935/MID3,ms,F0935,F0935,887,0,14,F0935.MID2.MID3,,ms,2
F0402/MID8,F0402/MID1,ms,F0402,F0402,374,0,9,F0402.MID8.MID1,,ms,2
F0163/MID2,F0163/MID4,md,F0163,F0163,154,0,40,F0163.MID2.MID4,,md,3
F0518/MID5,F0518/MID4,ms,F0518,F0518,485,0,18,F0518.MID5.MID4,,ms,2
F0478/MID3,F0478/MID5,ms,F0478,F0478,448,0,30,F0478.MID3.MID5,,ms,2
F0423/MID5,F0423/MID1,md,F0423,F0423,395,0,12,F0423.MID5.MID1,,md,3
F0045/MID2,F0045/MID3,ms,F0045,F0045,40,0,27,F0045.MID2.MID3,,ms,2
F0445/MID1,F0445/MID3,fs,F0445,F0445,417,0,60,F0445.MID1.MID3,,fs,0
F0299/MID1,F0299/MID5,fd,F0299,F0299,280,0,108,F0299.MID1.MID5,,fd,1
F0061/MID2,F0061/MID3,md,F0061,F0061,54,0,21,F0061.MID2.MID3,,md,3
F0459/MID6,F0459/MID8,md,F0459,F0459,431,0,1,F0459.MID6.MID8,,md,3
F0926/MID1,F0926/MID5,fs,F0926,F0926,878,0,16,F0926.MID1.MID5,,fs,0
F0984/MID1,F0984/MID4,fs,F0984,F0984,936,0,50,F0984.MID1.MID4,,fs,0
F0821/MID3,F0821/MID9,md,F0821,F0821,775,0,14,F0821.MID3.MID9,,md,3
F0702/MID3,F0702/MID5,md,F0702,F0702,661,0,2,F0702.MID3.MID5,,md,3
F0143/MID6,F0143/MID1,ms,F0143,F0143,134,0,14,F0143.MID6.MID1,,ms,2
F0929/MID2,F0929/MID3,ms,F0929,F0929,881,0,20,F0929.MID2.MID3,,ms,2
F0291/MID5,F0291/MID8,ms,F0291,F0291,273,0,24,F0291.MID5.MID8,,ms,2
F0658/MID5,F0658/MID2,fd,F0658,F0658,619,0,6,F0658.MID5.MID2,,fd,1
F0847/MID1,F0847/MID3,ms,F0847,F0847,801,0,77,F0847.MID1.MID3,,ms,2
F0774/MID6,F0774/MID1,ms,F0774,F0774,729,0,9,F0774.MID6.MID1,,ms,2
F0188/MID4,F0188/MID6,ms,F0188,F0188,177,0,9,F0188.MID4.MID6,,ms,2
F0023/MID1,F0023/MID4,md,F0023,F0023,20,0,44,F0023.MID1.MID4,,md,3
F0680/MID3,F0680/MID1,ms,F0680,F0680,640,0,30,F0680.MID3.MID1,,ms,2
F0033/MID1,F0033/MID3,fd,F0033,F0033,28,0,28,F0033.MID1.MID3,,fd,1
F0991/MID18,F0991/MID15,fs,F0991,F0991,943,0,1,F0991.MID18.MID15,,fs,0
F0090/MID5,F0090/MID4,ms,F0090,F0090,83,0,9,F0090.MID5.MID4,,ms,2
F0088/MID1,F0088/MID6,fs,F0088,F0088,81,0,52,F0088.MID1.MID6,,fs,0
F0811/MID1,F0811/MID2,fd,F0811,F0811,765,0,20,F0811.MID1.MID2,,fd,1
F0690/MID1,F0690/MID8,fs,F0690,F0690,650,0,7,F0690.MID1.MID8,,fs,0
F0293/MID4,F0293/MID1,ms,F0293,F0293,274,0,28,F0293.MID4.MID1,,ms,2
F0459/MID1,F0459/MID7,fd,F0459,F0459,431,0,10,F0459.MID1.MID7,,fd,1
F0187/MID1,F0187/MID3,md,F0187,F0187,176,0,224,F0187.MID1.MID3,,md,3
F0297/MID1,F0297/MID3,md,F0297,F0297,278,0,60,F0297.MID1.MID3,,md,3
F0987/MID1,F0987/MID4,fd,F0987,F0987,939,0,176,F0987.MID1.MID4,,fd,1
F0314/MID1,F0314/MID4,fd,F0314,F0314,293,0,36,F0314.MID1.MID4,,fd,1
F0541/MID4,F0541/MID2,md,F0541,F0541,508,0,45,F0541.MID4.MID2,,md,3
F0173/MID1,F0173/MID7,fs,F0173,F0173,164,0,36,F0173.MID1.MID7,,fs,0
F0989/MID9,F0989/MID7,fs,F0989,F0989,941,0,5,F0989.MID9.MID7,,fs,0
F0021/MID2,F0021/MID3,md,F0021,F0021,18,0,10,F0021.MID2.MID3,,md,3
F0560/MID2,F0560/MID5,md,F0560,F0560,526,0,84,F0560.MID2.MID5,,md,3
F0293/MID6,F0293/MID9,fd,F0293,F0293,274,0,3,F0293.MID6.MID9,,fd,1
F0054/MID2,F0054/MID3,ms,F0054,F0054,49,0,48,F0054.MID2.MID3,,ms,2
F0046/MID2,F0046/MID5,ms,F0046,F0046,41,0,45,F0046.MID2.MID5,,ms,2
F0991/MID8,F0991/MID1,fs,F0991,F0991,943,0,11,F0991.MID8.MID1,,fs,0
F0013/MID2,F0013/MID9,ms,F0013,F0013,12,0,14,F0013.MID2.MID9,,ms,2
F0013/MID2,F0013/MID11,md,F0013,F0013,12,0,7,F0013.MID2.MID11,,md,3
F0051/MID2,F0051/MID3,ms,F0051,F0051,46,0,8,F0051.MID2.MID3,,ms,2
F0051/MID2,F0051/MID4,ms,F0051,F0051,46,0,32,F0051.MID2.MID4,,ms,2
F0926/MID1,F0926/MID3,fs,F0926,F0926,878,0,16,F0926.MID1.MID3,,fs,0
F0486/MID5,F0486/MID4,fs,F0486,F0486,455,0,36,F0486.MID5.MID4,,fs,0
F0252/MID1,F0252/MID3,ms,F0252,F0252,237,0,40,F0252.MID1.MID3,,ms,2
F0046/MID1,F0046/MID3,fd,F0046,F0046,41,0,50,F0046.MID1.MID3,,fd,1
F0992/MID13,F0992/MID15,md,F0992,F0992,944,0,18,F0992.MID13.MID15,,md,3
F0991/MID17,F0991/MID14,ms,F0991,F0991,943,0,1,F0991.MID17.MID14,,ms,2
F0774/MID2,F0774/MID3,ms,F0774,F0774,729,0,49,F0774.MID2.MID3,,ms,2
F0097/MID3,F0097/MID1,fs,F0097,F0097,90,0,27,F0097.MID3.MID1,,fs,0
F0991/MID9,F0991/MID12,ms,F0991,F0991,943,0,2,F0991.MID9.MID12,,ms,2
F0601/MID20,F0601/MID33,md,F0601,F0601,565,0,976,F0601.MID20.MID33,,md,3
F0150/MID7,F0150/MID2,ms,F0150,F0150,141,0,8,F0150.MID7.MID2,,ms,2
F0251/MID7,F0251/MID1,ms,F0251,F0251,236,0,8,F0251.MID7.MID1,,ms,2
F1013/MID1,F1013/MID4,fd,F1013,F1013,959,0,77,F1013.MID1.MID4,,fd,1
F0090/MID1,F0090/MID7,fs,F0090,F0090,83,0,114,F0090.MID1.MID7,,fs,0
F0181/MID2,F0181/MID3,md,F0181,F0181,170,0,12,F0181.MID2.MID3,,md,3
F0237/MID5,F0237/MID1,md,F0237,F0237,222,0,10,F0237.MID5.MID1,,md,3
F0284/MID4,F0284/MID3,fd,F0284,F0284,266,0,6,F0284.MID4.MID3,,fd,1
F0186/MID3,F0186/MID4,ms,F0186,F0186,175,0,10,F0186.MID3.MID4,,ms,2
F0641/MID2,F0641/MID7,ms,F0641,F0641,602,0,7,F0641.MID2.MID7,,ms,2
F0181/MID2,F0181/MID4,md,F0181,F0181,170,0,12,F0181.MID2.MID4,,md,3
F0068/MID1,F0068/MID4,ms,F0068,F0068,61,0,18,F0068.MID1.MID4,,ms,2
F0688/MID1,F0688/MID2,fs,F0688,F0688,648,0,32,F0688.MID1.MID2,,fs,0
F0215/MID1,F0215/MID2,fs,F0215,F0215,203,0,24,F0215.MID1.MID2,,fs,0
F0068/MID1,F0068/MID5,md,F0068,F0068,61,0,24,F0068.MID1.MID5,,md,3
F0948/MID4,F0948/MID5,ms,F0948,F0948,900,0,6,F0948.MID4.MID5,,ms,2
F0537/MID1,F0537/MID3,fs,F0537,F0537,504,0,40,F0537.MID1.MID3,,fs,0
F0403/MID1,F0403/MID3,fs,F0403,F0403,375,0,36,F0403.MID1.MID3,,fs,0
F0582/MID2,F0582/MID3,ms,F0582,F0582,547,0,20,F0582.MID2.MID3,,ms,2
F0860/MID2,F0860/MID1,fs,F0860,F0860,814,0,15,F0860.MID2.MID1,,fs,0
F0076/MID6,F0076/MID1,md,F0076,F0076,69,0,16,F0076.MID6.MID1,,md,3
F0229/MID1,F0229/MID4,fd,F0229,F0229,215,0,24,F0229.MID1.MID4,,fd,1
F0835/MID2,F0835/MID4,fd,F0835,F0835,789,0,30,F0835.MID2.MID4,,fd,1
F0168/MID2,F0168/MID4,md,F0168,F0168,159,0,28,F0168.MID2.MID4,,md,3
F0110/MID4,F0110/MID1,md,F0110,F0110,102,0,8,F0110.MID4.MID1,,md,3
F0021/MID1,F0021/MID3,fd,F0021,F0021,18,0,45,F0021.MID1.MID3,,fd,1
F0454/MID1,F0454/MID3,md,F0454,F0454,426,0,80,F0454.MID1.MID3,,md,3
F0365/MID2,F0365/MID1,md,F0365,F0365,342,0,32,F0365.MID2.MID1,,md,3
F0604/MID2,F0604/MID3,md,F0604,F0604,568,0,10,F0604.MID2.MID3,,md,3
F1002/MID1,F1002/MID6,fd,F1002,F1002,954,0,80,F1002.MID1.MID6,,fd,1
F0523/MID2,F0523/MID3,ms,F0523,F0523,490,0,8,F0523.MID2.MID3,,ms,2
F0956/MID1,F0956/MID2,fd,F0956,F0956,908,0,54,F0956.MID1.MID2,,fd,1
F0576/MID3,F0576/MID2,md,F0576,F0576,542,0,63,F0576.MID3.MID2,,md,3
F0180/MID1,F0180/MID3,fd,F0180,F0180,169,0,100,F0180.MID1.MID3,,fd,1
F0402/MID2,F0402/MID4,ms,F0402,F0402,374,0,40,F0402.MID2.MID4,,ms,2
F0814/MID3,F0814/MID5,fs,F0814,F0814,768,0,32,F0814.MID3.MID5,,fs,0
F0960/MID1,F0960/MID4,fs,F0960,F0960,912,0,20,F0960.MID1.MID4,,fs,0
F0715/MID2,F0715/MID5,fs,F0715,F0715,671,0,8,F0715.MID2.MID5,,fs,0
F0439/MID1,F0439/MID6,fd,F0439,F0439,411,0,90,F0439.MID1.MID6,,fd,1
F0173/MID3,F0173/MID6,md,F0173,F0173,164,0,90,F0173.MID3.MID6,,md,3
F0722/MID6,F0722/MID3,fd,F0722,F0722,678,0,7,F0722.MID6.MID3,,fd,1
F1005/MID2,F1005/MID4,ms,F1005,F1005,957,0,30,F1005.MID2.MID4,,ms,2
F0601/MID2,F0601/MID8,md,F0601,F0601,565,0,2075,F0601.MID2.MID8,,md,3
F0771/MID2,F0771/MID6,ms,F0771,F0771,727,0,48,F0771.MID2.MID6,,ms,2
F0967/MID2,F0967/MID4,ms,F0967,F0967,919,0,24,F0967.MID2.MID4,,ms,2
F0478/MID3,F0478/MID2,md,F0478,F0478,448,0,180,F0478.MID3.MID2,,md,3
F0035/MID1,F0035/MID3,fs,F0035,F0035,30,0,45,F0035.MID1.MID3,,fs,0
F0144/MID1,F0144/MID3,fs,F0144,F0144,135,0,144,F0144.MID1.MID3,,fs,0
F0821/MID1,F0821/MID2,fd,F0821,F0821,775,0,54,F0821.MID1.MID2,,fd,1
F0348/MID1,F0348/MID4,fs,F0348,F0348,325,0,45,F0348.MID1.MID4,,fs,0
F0232/MID1,F0232/MID4,fd,F0232,F0232,217,0,24,F0232.MID1.MID4,,fd,1
F0413/MID2,F0413/MID1,md,F0413,F0413,385,0,6,F0413.MID2.MID1,,md,3
F0888/MID1,F0888/MID2,md,F0888,F0888,841,0,80,F0888.MID1.MID2,,md,3
F0298/MID2,F0298/MID3,fd,F0298,F0298,279,0,49,F0298.MID2.MID3,,fd,1
F0601/MID29,F0601/MID28,fd,F0601,F0601,565,0,65,F0601.MID29.MID28,,fd,1
F0664/MID2,F0664/MID4,fs,F0664,F0664,625,0,16,F0664.MID2.MID4,,fs,0
F0252/MID1,F0252/MID2,ms,F0252,F0252,237,0,32,F0252.MID1.MID2,,ms,2
F0096/MID5,F0096/MID6,ms,F0096,F0096,89,0,36,F0096.MID5.MID6,,ms,2
F0730/MID4,F0730/MID5,md,F0730,F0730,686,0,8,F0730.MID4.MID5,,md,3
F0601/MID3,F0601/MID2,fd,F0601,F0601,565,0,830,F0601.MID3.MID2,,fd,1
F0976/MID2,F0976/MID3,ms,F0976,F0976,928,0,25,F0976.MID2.MID3,,ms,2
F0740/MID3,F0740/MID1,fd,F0740,F0740,696,0,16,F0740.MID3.MID1,,fd,1
F0425/MID5,F0425/MID10,ms,F0425,F0425,397,0,15,F0425.MID5.MID10,,ms,2
F0426/MID5,F0426/MID1,ms,F0426,F0426,398,0,21,F0426.MID5.MID1,,ms,2
F0339/MID5,F0339/MID4,md,F0339,F0339,317,0,18,F0339.MID5.MID4,,md,3
F0274/MID3,F0274/MID4,fs,F0274,F0274,257,0,30,F0274.MID3.MID4,,fs,0
F0607/MID1,F0607/MID3,md,F0607,F0607,571,0,64,F0607.MID1.MID3,,md,3
F0225/MID4,F0225/MID2,md,F0225,F0225,211,0,34,F0225.MID4.MID2,,md,3
F0948/MID2,F0948/MID1,ms,F0948,F0948,900,0,3,F0948.MID2.MID1,,ms,2
F0551/MID1,F0551/MID3,fs,F0551,F0551,518,0,32,F0551.MID1.MID3,,fs,0
F0362/MID2,F0362/MID3,ms,F0362,F0362,339,0,32,F0362.MID2.MID3,,ms,2
F0886/MID1,F0886/MID6,md,F0886,F0886,839,0,9,F0886.MID1.MID6,,md,3
F0602/MID1,F0602/MID8,fd,F0602,F0602,566,0,16,F0602.MID1.MID8,,fd,1
F0624/MID1,F0624/MID2,fs,F0624,F0624,586,0,4,F0624.MID1.MID2,,fs,0
F0635/MID1,F0635/MID4,fd,F0635,F0635,597,0,40,F0635.MID1.MID4,,fd,1
F0566/MID5,F0566/MID3,ms,F0566,F0566,532,0,18,F0566.MID5.MID3,,ms,2
F1013/MID1,F1013/MID3,fs,F1013,F1013,959,0,88,F1013.MID1.MID3,,fs,0
F0942/MID2,F0942/MID4,ms,F0942,F0942,894,0,9,F0942.MID2.MID4,,ms,2
F0851/MID4,F0851/MID3,md,F0851,F0851,805,0,32,F0851.MID4.MID3,,md,3
F0635/MID3,F0635/MID4,md,F0635,F0635,597,0,20,F0635.MID3.MID4,,md,3
F0817/MID5,F0817/MID4,md,F0817,F0817,771,0,7,F0817.MID5.MID4,,md,3
F0979/MID1,F0979/MID5,fs,F0979,F0979,931,0,9,F0979.MID1.MID5,,fs,0
F0740/MID4,F0740/MID5,ms,F0740,F0740,696,0,4,F0740.MID4.MID5,,ms,2
F0651/MID1,F0651/MID4,fd,F0651,F0651,612,0,9,F0651.MID1.MID4,,fd,1
F0729/MID2,F0729/MID6,md,F0729,F0729,685,0,96,F0729.MID2.MID6,,md,3
F0740/MID4,F0740/MID2,md,F0740,F0740,696,0,2,F0740.MID4.MID2,,md,3
F0241/MID2,F0241/MID3,fs,F0241,F0241,226,0,28,F0241.MID2.MID3,,fs,0
F0887/MID7,F0887/MID4,md,F0887,F0887,840,0,3,F0887.MID7.MID4,,md,3
F0496/MID2,F0496/MID4,ms,F0496,F0496,464,0,21,F0496.MID2.MID4,,ms,2
F0376/MID1,F0376/MID4,fs,F0376,F0376,352,0,224,F0376.MID1.MID4,,fs,0
F0816/MID2,F0816/MID4,md,F0816,F0816,770,0,16,F0816.MID2.MID4,,md,3
F0197/MID2,F0197/MID5,fd,F0197,F0197,186,0,70,F0197.MID2.MID5,,fd,1
F0541/MID4,F0541/MID3,md,F0541,F0541,508,0,5,F0541.MID4.MID3,,md,3
F0844/MID4,F0844/MID2,md,F0844,F0844,798,0,72,F0844.MID4.MID2,,md,3
F0254/MID6,F0254/MID5,fd,F0254,F0254,239,0,3,F0254.MID6.MID5,,fd,1
F0708/MID10,F0708/MID8,fd,F0708,F0708,665,0,2,F0708.MID10.MID8,,fd,1
F0444/MID2,F0444/MID1,md,F0444,F0444,416,0,56,F0444.MID2.MID1,,md,3
F0740/MID1,F0740/MID10,ms,F0740,F0740,696,0,8,F0740.MID1.MID10,,ms,2
F0249/MID5,F0249/MID9,fs,F0249,F0249,234,0,10,F0249.MID5.MID9,,fs,0
F0590/MID8,F0590/MID7,fs,F0590,F0590,555,0,2,F0590.MID8.MID7,,fs,0
F0829/MID2,F0829/MID4,ms,F0829,F0829,783,0,16,F0829.MID2.MID4,,ms,2
F0565/MID3,F0565/MID1,fd,F0565,F0565,531,0,40,F0565.MID3.MID1,,fd,1
F0774/MID5,F0774/MID1,fs,F0774,F0774,729,0,9,F0774.MID5.MID1,,fs,0
F0004/MID1,F0004/MID5,fd,F0004,F0004,3,0,108,F0004.MID1.MID5,,fd,1
F0992/MID2,F0992/MID6,fs,F0992,F0992,944,0,126,F0992.MID2.MID6,,fs,0
F0918/MID1,F0918/MID2,fd,F0918,F0918,870,0,45,F0918.MID1.MID2,,fd,1
F0994/MID1,F0994/MID3,fd,F0994,F0994,946,0,18,F0994.MID1.MID3,,fd,1
F0743/MID3,F0743/MID1,fd,F0743,F0743,699,0,8,F0743.MID3.MID1,,fd,1
F0642/MID6,F0642/MID7,fs,F0642,F0642,603,0,12,F0642.MID6.MID7,,fs,0
F0107/MID1,F0107/MID4,fd,F0107,F0107,99,0,80,F0107.MID1.MID4,,fd,1
F0067/MID2,F0067/MID3,ms,F0067,F0067,60,0,60,F0067.MID2.MID3,,ms,2
F0759/MID2,F0759/MID10,ms,F0759,F0759,715,0,5,F0759.MID2.MID10,,ms,2
F0213/MID5,F0213/MID2,md,F0213,F0213,201,0,7,F0213.MID5.MID2,,md,3
F0734/MID2,F0734/MID5,md,F0734,F0734,690,0,6,F0734.MID2.MID5,,md,3
F0299/MID1,F0299/MID3,fs,F0299,F0299,280,0,72,F0299.MID1.MID3,,fs,0
F0303/MID11,F0303/MID2,ms,F0303,F0303,284,0,13,F0303.MID11.MID2,,ms,2
F0298/MID5,F0298/MID1,md,F0298,F0298,279,0,20,F0298.MID5.MID1,,md,3
F0168/MID1,F0168/MID3,fd,F0168,F0168,159,0,35,F0168.MID1.MID3,,fd,1
F0683/MID2,F0683/MID6,fd,F0683,F0683,643,0,8,F0683.MID2.MID6,,fd,1
F0918/MID7,F0918/MID8,ms,F0918,F0918,870,0,1,F0918.MID7.MID8,,ms,2
F0701/MID1,F0701/MID9,ms,F0701,F0701,660,0,9,F0701.MID1.MID9,,ms,2
F0174/MID3,F0174/MID5,md,F0174,F0174,165,0,24,F0174.MID3.MID5,,md,3
F0241/MID1,F0241/MID4,md,F0241,F0241,226,0,20,F0241.MID1.MID4,,md,3
F0848/MID1,F0848/MID3,fd,F0848,F0848,802,0,72,F0848.MID1.MID3,,fd,1
F0889/MID4,F0889/MID3,fd,F0889,F0889,842,0,3,F0889.MID4.MID3,,fd,1
F0992/MID13,F0992/MID17,md,F0992,F0992,944,0,36,F0992.MID13.MID17,,md,3
F0552/MID1,F0552/MID3,fs,F0552,F0552,519,0,60,F0552.MID1.MID3,,fs,0
F0221/MID3,F0221/MID4,fs,F0221,F0221,207,0,24,F0221.MID3.MID4,,fs,0
F0763/MID3,F0763/MID9,ms,F0763,F0763,719,0,30,F0763.MID3.MID9,,ms,2
F0525/MID1,F0525/MID3,fs,F0525,F0525,492,0,64,F0525.MID1.MID3,,fs,0
F0796/MID1,F0796/MID7,ms,F0796,F0796,750,0,28,F0796.MID1.MID7,,ms,2
F0901/MID5,F0901/MID4,ms,F0901,F0901,854,0,30,F0901.MID5.MID4,,ms,2
F1003/MID2,F1003/MID6,md,F1003,F1003,955,0,60,F1003.MID2.MID6,,md,3
F0401/MID1,F0401/MID8,fs,F0401,F0401,373,0,12,F0401.MID1.MID8,,fs,0
F0163/MID1,F0163/MID3,fd,F0163,F0163,154,0,36,F0163.MID1.MID3,,fd,1
F0314/MID1,F0314/MID3,fs,F0314,F0314,293,0,18,F0314.MID1.MID3,,fs,0
F0861/MID3,F0861/MID2,fd,F0861,F0861,815,0,15,F0861.MID3.MID2,,fd,1
F0915/MID5,F0915/MID1,fd,F0915,F0915,867,0,9,F0915.MID5.MID1,,fd,1
F0940/MID4,F0940/MID2,md,F0940,F0940,892,0,25,F0940.MID4.MID2,,md,3
F0315/MID4,F0315/MID1,fs,F0315,F0315,294,0,6,F0315.MID4.MID1,,fs,0
F0911/MID2,F0911/MID4,ms,F0911,F0911,864,0,30,F0911.MID2.MID4,,ms,2
F0090/MID6,F0090/MID7,ms,F0090,F0090,83,0,18,F0090.MID6.MID7,,ms,2
F0631/MID3,F0631/MID1,md,F0631,F0631,593,0,36,F0631.MID3.MID1,,md,3
F0149/MID2,F0149/MID3,ms,F0149,F0149,140,0,9,F0149.MID2.MID3,,ms,2
F0552/MID1,F0552/MID6,fd,F0552,F0552,519,0,90,F0552.MID1.MID6,,fd,1
F0994/MID1,F0994/MID2,fs,F0994,F0994,946,0,30,F0994.MID1.MID2,,fs,0
F0277/MID2,F0277/MID4,md,F0277,F0277,259,0,4,F0277.MID2.MID4,,md,3
F0945/MID1,F0945/MID3,fs,F0945,F0945,897,0,35,F0945.MID1.MID3,,fs,0
F1002/MID2,F1002/MID4,md,F1002,F1002,954,0,66,F1002.MID2.MID4,,md,3
F0650/MID1,F0650/MID8,fd,F0650,F0650,611,0,8,F0650.MID1.MID8,,fd,1
F0727/MID1,F0727/MID3,fd,F0727,F0727,683,0,5,F0727.MID1.MID3,,fd,1
F0771/MID1,F0771/MID3,fs,F0771,F0771,727,0,99,F0771.MID1.MID3,,fs,0
F0987/MID6,F0987/MID1,ms,F0987,F0987,939,0,88,F0987.MID6.MID1,,ms,2
F0023/MID3,F0023/MID1,fd,F0023,F0023,20,0,11,F0023.MID3.MID1,,fd,1
F0036/MID7,F0036/MID5,fd,F0036,F0036,31,0,4,F0036.MID7.MID5,,fd,1
F0013/MID1,F0013/MID10,fs,F0013,F0013,12,0,20,F0013.MID1.MID10,,fs,0
F0234/MID2,F0234/MID3,ms,F0234,F0234,219,0,20,F0234.MID2.MID3,,ms,2
F0469/MID2,F0469/MID1,fs,F0469,F0469,439,0,10,F0469.MID2.MID1,,fs,0
F0300/MID1,F0300/MID4,fs,F0300,F0300,281,0,27,F0300.MID1.MID4,,fs,0
F0141/MID2,F0141/MID5,md,F0141,F0141,132,0,40,F0141.MID2.MID5,,md,3
F1002/MID1,F1002/MID4,fd,F1002,F1002,954,0,60,F1002.MID1.MID4,,fd,1
F0180/MID2,F0180/MID3,md,F0180,F0180,169,0,100,F0180.MID2.MID3,,md,3
F0325/MID2,F0325/MID9,md,F0325,F0325,304,0,6,F0325.MID2.MID9,,md,3
F0806/MID3,F0806/MID5,fs,F0806,F0806,760,0,30,F0806.MID3.MID5,,fs,0
F0968/MID4,F0968/MID3,fs,F0968,F0968,920,0,36,F0968.MID4.MID3,,fs,0
F0585/MID4,F0585/MID6,fd,F0585,F0585,550,0,6,F0585.MID4.MID6,,fd,1
F0763/MID3,F0763/MID8,md,F0763,F0763,719,0,20,F0763.MID3.MID8,,md,3
F0188/MID1,F0188/MID6,fs,F0188,F0188,177,0,15,F0188.MID1.MID6,,fs,0
F0742/MID1,F0742/MID4,fd,F0742,F0742,698,0,40,F0742.MID1.MID4,,fd,1
F0412/MID1,F0412/MID2,fd,F0412,F0412,384,0,64,F0412.MID1.MID2,,fd,1
F0325/MID1,F0325/MID3,fd,F0325,F0325,304,0,24,F0325.MID1.MID3,,fd,1
F0286/MID2,F0286/MID4,fs,F0286,F0286,268,0,10,F0286.MID2.MID4,,fs,0
F0601/MID15,F0601/MID14,md,F0601,F0601,565,0,132,F0601.MID15.MID14,,md,3
F0686/MID3,F0686/MID2,fs,F0686,F0686,646,0,273,F0686.MID3.MID2,,fs,0
F0262/MID1,F0262/MID7,fs,F0262,F0262,246,0,18,F0262.MID1.MID7,,fs,0
F0602/MID3,F0602/MID1,ms,F0602,F0602,566,0,16,F0602.MID3.MID1,,ms,2
F0838/MID1,F0838/MID6,ms,F0838,F0838,792,0,24,F0838.MID1.MID6,,ms,2
F0024/MID3,F0024/MID5,fs,F0024,F0024,21,0,10,F0024.MID3.MID5,,fs,0
F0979/MID2,F0979/MID4,ms,F0979,F0979,931,0,8,F0979.MID2.MID4,,ms,2
F0445/MID2,F0445/MID3,ms,F0445,F0445,417,0,48,F0445.MID2.MID3,,ms,2
F0284/MID3,F0284/MID2,ms,F0284,F0284,266,0,36,F0284.MID3.MID2,,ms,2
F0445/MID1,F0445/MID4,fs,F0445,F0445,417,0,90,F0445.MID1.MID4,,fs,0
F0874/MID1,F0874/MID3,fd,F0874,F0874,827,0,50,F0874.MID1.MID3,,fd,1
F0788/MID1,F0788/MID2,fs,F0788,F0788,743,0,70,F0788.MID1.MID2,,fs,0
F0631/MID5,F0631/MID4,fd,F0631,F0631,593,0,12,F0631.MID5.MID4,,fd,1
F0796/MID1,F0796/MID4,md,F0796,F0796,750,0,56,F0796.MID1.MID4,,md,3
F0963/MID8,F0963/MID3,ms,F0963,F0963,915,0,6,F0963.MID8.MID3,,ms,2
F0077/MID2,F0077/MID4,ms,F0077,F0077,70,0,3,F0077.MID2.MID4,,ms,2
F0388/MID2,F0388/MID3,ms,F0388,F0388,363,0,7,F0388.MID2.MID3,,ms,2
F0711/MID3,F0711/MID1,md,F0711,F0711,667,0,160,F0711.MID3.MID1,,md,3
F0387/MID7,F0387/MID6,md,F0387,F0387,362,0,4,F0387.MID7.MID6,,md,3
F0376/MID3,F0376/MID9,ms,F0376,F0376,352,0,2,F0376.MID3.MID9,,ms,2
F0432/MID6,F0432/MID1,ms,F0432,F0432,404,0,51,F0432.MID6.MID1,,ms,2
F0759/MID5,F0759/MID1,ms,F0759,F0759,715,0,7,F0759.MID5.MID1,,ms,2
F0442/MID8,F0442/MID1,fd,F0442,F0442,414,0,24,F0442.MID8.MID1,,fd,1
F0672/MID5,F0672/MID4,ms,F0672,F0672,632,0,6,F0672.MID5.MID4,,ms,2
F0232/MID2,F0232/MID5,md,F0232,F0232,217,0,6,F0232.MID2.MID5,,md,3
F0209/MID1,F0209/MID7,fs,F0209,F0209,197,0,6,F0209.MID1.MID7,,fs,0
F0081/MID2,F0081/MID6,md,F0081,F0081,74,0,21,F0081.MID2.MID6,,md,3
F0303/MID1,F0303/MID3,fd,F0303,F0303,284,0,29,F0303.MID1.MID3,,fd,1
F0537/MID2,F0537/MID6,ms,F0537,F0537,504,0,40,F0537.MID2.MID6,,ms,2
F0682/MID1,F0682/MID3,fs,F0682,F0682,642,0,24,F0682.MID1.MID3,,fs,0
F0933/MID2,F0933/MID4,md,F0933,F0933,885,0,80,F0933.MID2.MID4,,md,3
F1005/MID1,F1005/MID3,fs,F1005,F1005,957,0,54,F1005.MID1.MID3,,fs,0
F0882/MID1,F0882/MID2,fd,F0882,F0882,835,0,70,F0882.MID1.MID2,,fd,1
F0935/MID5,F0935/MID1,ms,F0935,F0935,887,0,27,F0935.MID5.MID1,,ms,2
F0678/MID1,F0678/MID4,fs,F0678,F0678,638,0,14,F0678.MID1.MID4,,fs,0
F0843/MID2,F0843/MID5,md,F0843,F0843,797,0,7,F0843.MID2.MID5,,md,3
F0767/MID1,F0767/MID3,fd,F0767,F0767,723,0,33,F0767.MID1.MID3,,fd,1
F0835/MID1,F0835/MID5,ms,F0835,F0835,789,0,24,F0835.MID1.MID5,,ms,2
F0611/MID2,F0611/MID3,ms,F0611,F0611,574,0,18,F0611.MID2.MID3,,ms,2
F0722/MID3,F0722/MID2,md,F0722,F0722,678,0,56,F0722.MID3.MID2,,md,3
F0466/MID2,F0466/MID5,md,F0466,F0466,436,0,28,F0466.MID2.MID5,,md,3
F0062/MID5,F0062/MID4,md,F0062,F0062,55,0,8,F0062.MID5.MID4,,md,3
F0685/MID1,F0685/MID5,md,F0685,F0685,645,0,120,F0685.MID1.MID5,,md,3
F0811/MID1,F0811/MID4,fd,F0811,F0811,765,0,16,F0811.MID1.MID4,,fd,1
F0111/MID5,F0111/MID3,fd,F0111,F0111,103,0,14,F0111.MID5.MID3,,fd,1
F0423/MID4,F0423/MID3,fs,F0423,F0423,395,0,6,F0423.MID4.MID3,,fs,0
F0518/MID1,F0518/MID3,md,F0518,F0518,485,0,24,F0518.MID1.MID3,,md,3
F0590/MID6,F0590/MID1,md,F0590,F0590,555,0,33,F0590.MID6.MID1,,md,3
F0942/MID1,F0942/MID4,fs,F0942,F0942,894,0,9,F0942.MID1.MID4,,fs,0
F0949/MID1,F0949/MID3,fs,F0949,F0949,901,0,90,F0949.MID1.MID3,,fs,0
F0009/MID7,F0009/MID3,ms,F0009,F0009,8,0,105,F0009.MID7.MID3,,ms,2
F0602/MID4,F0602/MID7,md,F0602,F0602,566,0,18,F0602.MID4.MID7,,md,3
F0738/MID5,F0738/MID2,fd,F0738,F0738,694,0,35,F0738.MID5.MID2,,fd,1
F0038/MID3,F0038/MID6,ms,F0038,F0038,33,0,3,F0038.MID3.MID6,,ms,2
F0213/MID5,F0213/MID3,md,F0213,F0213,201,0,5,F0213.MID5.MID3,,md,3
F0835/MID7,F0835/MID8,fs,F0835,F0835,789,0,1,F0835.MID7.MID8,,fs,0
F0073/MID4,F0073/MID3,fd,F0073,F0073,66,0,33,F0073.MID4.MID3,,fd,1
F0963/MID1,F0963/MID2,ms,F0963,F0963,915,0,8,F0963.MID1.MID2,,ms,2
F0589/MID1,F0589/MID3,fd,F0589,F0589,554,0,9,F0589.MID1.MID3,,fd,1
F0128/MID1,F0128/MID7,fs,F0128,F0128,120,0,45,F0128.MID1.MID7,,fs,0
F0863/MID2,F0863/MID4,md,F0863,F0863,817,0,10,F0863.MID2.MID4,,md,3
F0901/MID3,F0901/MID1,fs,F0901,F0901,854,0,9,F0901.MID3.MID1,,fs,0
F0069/MID1,F0069/MID6,fs,F0069,F0069,62,0,10,F0069.MID1.MID6,,fs,0
F0838/MID3,F0838/MID2,md,F0838,F0838,792,0,1,F0838.MID3.MID2,,md,3
F0653/MID1,F0653/MID4,fd,F0653,F0653,614,0,32,F0653.MID1.MID4,,fd,1
F0745/MID6,F0745/MID1,ms,F0745,F0745,701,0,10,F0745.MID6.MID1,,ms,2
F0061/MID1,F0061/MID4,fd,F0061,F0061,54,0,18,F0061.MID1.MID4,,fd,1
F0478/MID4,F0478/MID1,ms,F0478,F0478,448,0,24,F0478.MID4.MID1,,ms,2
F0013/MID3,F0013/MID7,fs,F0013,F0013,12,0,2,F0013.MID3.MID7,,fs,0
F0885/MID4,F0885/MID1,ms,F0885,F0885,838,0,60,F0885.MID4.MID1,,ms,2
F0064/MID2,F0064/MID6,md,F0064,F0064,57,0,64,F0064.MID2.MID6,,md,3
F0739/MID5,F0739/MID1,fd,F0739,F0739,695,0,15,F0739.MID5.MID1,,fd,1
F0262/MID2,F0262/MID6,md,F0262,F0262,246,0,40,F0262.MID2.MID6,,md,3
F0326/MID4,F0326/MID8,fd,F0326,F0326,305,0,12,F0326.MID4.MID8,,fd,1
F0101/MID2,F0101/MID1,ms,F0101,F0101,94,0,40,F0101.MID2.MID1,,ms,2
F0539/MID2,F0539/MID4,md,F0539,F0539,506,0,30,F0539.MID2.MID4,,md,3
F0978/MID4,F0978/MID5,fd,F0978,F0978,930,0,2,F0978.MID4.MID5,,fd,1
F0980/MID2,F0980/MID5,ms,F0980,F0980,932,0,28,F0980.MID2.MID5,,ms,2
F0130/MID4,F0130/MID5,ms,F0130,F0130,122,0,18,F0130.MID4.MID5,,ms,2
F0720/MID4,F0720/MID1,md,F0720,F0720,676,0,48,F0720.MID4.MID1,,md,3
F0708/MID6,F0708/MID1,ms,F0708,F0708,665,0,126,F0708.MID6.MID1,,ms,2
F0038/MID1,F0038/MID5,fs,F0038,F0038,33,0,12,F0038.MID1.MID5,,fs,0
F0601/MID35,F0601/MID34,fd,F0601,F0601,565,0,16,F0601.MID35.MID34,,fd,1
F0339/MID1,F0339/MID2,fs,F0339,F0339,317,0,50,F0339.MID1.MID2,,fs,0
F0940/MID4,F0940/MID3,md,F0940,F0940,892,0,20,F0940.MID4.MID3,,md,3
F0658/MID2,F0658/MID8,ms,F0658,F0658,619,0,6,F0658.MID2.MID8,,ms,2
F0585/MID1,F0585/MID5,ms,F0585,F0585,550,0,32,F0585.MID1.MID5,,ms,2
F0729/MID1,F0729/MID4,fd,F0729,F0729,685,0,90,F0729.MID1.MID4,,fd,1
F0413/MID5,F0413/MID6,fd,F0413,F0413,385,0,4,F0413.MID5.MID6,,fd,1
F0647/MID4,F0647/MID3,md,F0647,F0647,608,0,6,F0647.MID4.MID3,,md,3
F0042/MID1,F0042/MID2,fs,F0042,F0042,37,0,48,F0042.MID1.MID2,,fs,0
F0835/MID2,F0835/MID3,fd,F0835,F0835,789,0,30,F0835.MID2.MID3,,fd,1
F0466/MID2,F0466/MID4,md,F0466,F0466,436,0,56,F0466.MID2.MID4,,md,3
F0560/MID1,F0560/MID5,fd,F0560,F0560,526,0,56,F0560.MID1.MID5,,fd,1
F0439/MID4,F0439/MID1,fs,F0439,F0439,411,0,144,F0439.MID4.MID1,,fs,0
F0460/MID1,F0460/MID5,fs,F0460,F0460,432,0,35,F0460.MID1.MID5,,fs,0
F0611/MID1,F0611/MID4,fd,F0611,F0611,574,0,70,F0611.MID1.MID4,,fd,1
F0249/MID1,F0249/MID4,fs,F0249,F0249,234,0,26,F0249.MID1.MID4,,fs,0
F0600/MID1,F0600/MID5,fs,F0600,F0600,564,0,135,F0600.MID1.MID5,,fs,0
F0425/MID1,F0425/MID4,fd,F0425,F0425,397,0,174,F0425.MID1.MID4,,fd,1
F0012/MID2,F0012/MID3,md,F0012,F0012,11,0,14,F0012.MID2.MID3,,md,3
F0364/MID4,F0364/MID2,md,F0364,F0364,341,0,32,F0364.MID4.MID2,,md,3
F0992/MID7,F0992/MID10,md,F0992,F0992,944,0,16,F0992.MID7.MID10,,md,3
F0020/MID11,F0020/MID10,md,F0020,F0020,17,0,1,F0020.MID11.MID10,,md,3
F0579/MID9,F0579/MID5,fd,F0579,F0579,544,0,24,F0579.MID9.MID5,,fd,1
F0875/MID1,F0875/MID3,fd,F0875,F0875,828,0,40,F0875.MID1.MID3,,fd,1
F0653/MID1,F0653/MID5,fd,F0653,F0653,614,0,32,F0653.MID1.MID5,,fd,1
F0887/MID1,F0887/MID6,fd,F0887,F0887,840,0,18,F0887.MID1.MID6,,fd,1
F0051/MID1,F0051/MID4,fs,F0051,F0051,46,0,48,F0051.MID1.MID4,,fs,0
F0104/MID1,F0104/MID5,fd,F0104,F0104,96,0,7,F0104.MID1.MID5,,fd,1
F0601/MID10,F0601/MID14,fd,F0601,F0601,565,0,216,F0601.MID10.MID14,,fd,1
F0639/MID5,F0639/MID4,fd,F0639,F0639,601,0,1,F0639.MID5.MID4,,fd,1
F0695/MID2,F0695/MID1,ms,F0695,F0695,655,0,7,F0695.MID2.MID1,,ms,2
F0708/MID3,F0708/MID9,md,F0708,F0708,665,0,32,F0708.MID3.MID9,,md,3
F0702/MID3,F0702/MID2,ms,F0702,F0702,661,0,2,F0702.MID3.MID2,,ms,2
F0418/MID2,F0418/MID1,fs,F0418,F0418,390,0,40,F0418.MID2.MID1,,fs,0
F0097/MID3,F0097/MID5,fs,F0097,F0097,90,0,3,F0097.MID3.MID5,,fs,0
F0559/MID4,F0559/MID2,ms,F0559,F0559,525,0,9,F0559.MID4.MID2,,ms,2
F0532/MID3,F0532/MID4,md,F0532,F0532,499,0,6,F0532.MID3.MID4,,md,3
F0918/MID3,F0918/MID2,md,F0918,F0918,870,0,30,F0918.MID3.MID2,,md,3
F0104/MID4,F0104/MID2,ms,F0104,F0104,96,0,18,F0104.MID4.MID2,,ms,2
F0641/MID1,F0641/MID4,fs,F0641,F0641,602,0,16,F0641.MID1.MID4,,fs,0
F0994/MID4,F0994/MID5,ms,F0994,F0994,946,0,2,F0994.MID4.MID5,,ms,2
F0701/MID6,F0701/MID5,fd,F0701,F0701,660,0,6,F0701.MID6.MID5,,fd,1
F0518/MID1,F0518/MID2,md,F0518,F0518,485,0,18,F0518.MID1.MID2,,md,3
F0998/MID1,F0998/MID2,fs,F0998,F0998,950,0,10,F0998.MID1.MID2,,fs,0
F0373/MID2,F0373/MID4,fd,F0373,F0373,349,0,15,F0373.MID2.MID4,,fd,1
F0293/MID4,F0293/MID6,ms,F0293,F0293,274,0,12,F0293.MID4.MID6,,ms,2
F0097/MID3,F0097/MID4,fs,F0097,F0097,90,0,9,F0097.MID3.MID4,,fs,0
F0776/MID4,F0776/MID1,md,F0776,F0776,731,0,7,F0776.MID4.MID1,,md,3
F0453/MID2,F0453/MID3,ms,F0453,F0453,425,0,60,F0453.MID2.MID3,,ms,2
F0377/MID2,F0377/MID3,fd,F0377,F0377,353,0,21,F0377.MID2.MID3,,fd,1
F0544/MID4,F0544/MID1,md,F0544,F0544,511,0,24,F0544.MID4.MID1,,md,3
F0590/MID6,F0590/MID7,ms,F0590,F0590,555,0,3,F0590.MID6.MID7,,ms,2
F0650/MID2,F0650/MID7,md,F0650,F0650,611,0,6,F0650.MID2.MID7,,md,3
F0156/MID1,F0156/MID4,fd,F0156,F0156,147,0,63,F0156.MID1.MID4,,fd,1
F0337/MID3,F0337/MID2,ms,F0337,F0337,315,0,24,F0337.MID3.MID2,,ms,2
F0141/MID1,F0141/MID4,fs,F0141,F0141,132,0,32,F0141.MID1.MID4,,fs,0
F0023/MID4,F0023/MID5,md,F0023,F0023,20,0,4,F0023.MID4.MID5,,md,3
F0186/MID1,F0186/MID3,md,F0186,F0186,175,0,40,F0186.MID1.MID3,,md,3
F0456/MID1,F0456/MID4,fs,F0456,F0456,428,0,40,F0456.MID1.MID4,,fs,0
F0402/MID1,F0402/MID5,fd,F0402,F0402,374,0,36,F0402.MID1.MID5,,fd,1
F0449/MID1,F0449/MID2,md,F0449,F0449,421,0,16,F0449.MID1.MID2,,md,3
F0979/MID1,F0979/MID4,fs,F0979,F0979,931,0,9,F0979.MID1.MID4,,fs,0
F0742/MID1,F0742/MID3,fd,F0742,F0742,698,0,48,F0742.MID1.MID3,,fd,1
F0273/MID1,F0273/MID3,fd,F0273,F0273,256,0,60,F0273.MID1.MID3,,fd,1
F0978/MID1,F0978/MID2,md,F0978,F0978,930,0,24,F0978.MID1.MID2,,md,3
F0509/MID2,F0509/MID4,fd,F0509,F0509,476,0,35,F0509.MID2.MID4,,fd,1
F0156/MID1,F0156/MID3,fs,F0156,F0156,147,0,36,F0156.MID1.MID3,,fs,0
F0096/MID1,F0096/MID7,fs,F0096,F0096,89,0,72,F0096.MID1.MID7,,fs,0
F0143/MID4,F0143/MID2,md,F0143,F0143,134,0,80,F0143.MID4.MID2,,md,3
F0150/MID1,F0150/MID2,fs,F0150,F0150,141,0,24,F0150.MID1.MID2,,fs,0
F0840/MID2,F0840/MID3,fs,F0840,F0840,794,0,16,F0840.MID2.MID3,,fs,0
F0600/MID6,F0600/MID5,ms,F0600,F0600,564,0,108,F0600.MID6.MID5,,ms,2
F0742/MID8,F0742/MID2,md,F0742,F0742,698,0,5,F0742.MID8.MID2,,md,3
F0425/MID6,F0425/MID1,fs,F0425,F0425,397,0,203,F0425.MID6.MID1,,fs,0
F0118/MID1,F0118/MID5,fd,F0118,F0118,110,0,48,F0118.MID1.MID5,,fd,1
F0552/MID1,F0552/MID5,fs,F0552,F0552,519,0,75,F0552.MID1.MID5,,fs,0
F0992/MID3,F0992/MID6,ms,F0992,F0992,944,0,117,F0992.MID3.MID6,,ms,2
F0596/MID1,F0596/MID4,fs,F0596,F0596,560,0,72,F0596.MID1.MID4,,fs,0
F0798/MID2,F0798/MID5,fd,F0798,F0798,752,0,20,F0798.MID2.MID5,,fd,1
F0806/MID6,F0806/MID2,fd,F0806,F0806,760,0,10,F0806.MID6.MID2,,fd,1
F0878/MID1,F0878/MID3,fs,F0878,F0878,831,0,60,F0878.MID1.MID3,,fs,0
F0703/MID1,F0703/MID3,fd,F0703,F0703,662,0,10,F0703.MID1.MID3,,fd,1
F0560/MID2,F0560/MID4,md,F0560,F0560,526,0,60,F0560.MID2.MID4,,md,3
F0413/MID1,F0413/MID6,md,F0413,F0413,385,0,6,F0413.MID1.MID6,,md,3
F0850/MID1,F0850/MID4,fd,F0850,F0850,804,0,32,F0850.MID1.MID4,,fd,1
F0046/MID2,F0046/MID3,md,F0046,F0046,41,0,45,F0046.MID2.MID3,,md,3
F0989/MID10,F0989/MID11,fd,F0989,F0989,941,0,1,F0989.MID10.MID11,,fd,1
F0975/MID5,F0975/MID2,fd,F0975,F0975,927,0,14,F0975.MID5.MID2,,fd,1
F0260/MID3,F0260/MID4,fs,F0260,F0260,245,0,20,F0260.MID3.MID4,,fs,0
F0497/MID2,F0497/MID3,md,F0497,F0497,465,0,8,F0497.MID2.MID3,,md,3
F0355/MID2,F0355/MID4,fd,F0355,F0355,332,0,6,F0355.MID2.MID4,,fd,1
F0821/MID3,F0821/MID8,ms,F0821,F0821,775,0,7,F0821.MID3.MID8,,ms,2
F0403/MID1,F0403/MID4,fs,F0403,F0403,375,0,27,F0403.MID1.MID4,,fs,0
F0501/MID1,F0501/MID3,fd,F0501,F0501,468,0,56,F0501.MID1.MID3,,fd,1
F0432/MID6,F0432/MID2,ms,F0432,F0432,404,0,24,F0432.MID6.MID2,,ms,2
F0979/MID2,F0979/MID3,ms,F0979,F0979,931,0,8,F0979.MID2.MID3,,ms,2
F0969/MID1,F0969/MID3,fs,F0969,F0969,921,0,42,F0969.MID1.MID3,,fs,0
F0793/MID2,F0793/MID1,md,F0793,F0793,747,0,60,F0793.MID2.MID1,,md,3
F0761/MID1,F0761/MID3,fs,F0761,F0761,717,0,48,F0761.MID1.MID3,,fs,0
F0190/MID2,F0190/MID1,fs,F0190,F0190,179,0,96,F0190.MID2.MID1,,fs,0
F0301/MID1,F0301/MID4,fd,F0301,F0301,282,0,7,F0301.MID1.MID4,,fd,1
F0601/MID22,F0601/MID11,md,F0601,F0601,565,0,792,F0601.MID22.MID11,,md,3
F0992/MID13,F0992/MID19,md,F0992,F0992,944,0,9,F0992.MID13.MID19,,md,3
F0702/MID7,F0702/MID1,fd,F0702,F0702,661,0,3,F0702.MID7.MID1,,fd,1
F0749/MID4,F0749/MID3,ms,F0749,F0749,705,0,27,F0749.MID4.MID3,,ms,2
F0552/MID11,F0552/MID1,fs,F0552,F0552,519,0,15,F0552.MID11.MID1,,fs,0
F0051/MID6,F0051/MID1,ms,F0051,F0051,46,0,6,F0051.MID6.MID1,,ms,2
F0827/MID1,F0827/MID4,md,F0827,F0827,781,0,27,F0827.MID1.MID4,,md,3
F0105/MID1,F0105/MID5,fs,F0105,F0105,97,0,60,F0105.MID1.MID5,,fs,0
F0130/MID4,F0130/MID1,ms,F0130,F0130,122,0,39,F0130.MID4.MID1,,ms,2
F0478/MID1,F0478/MID2,fd,F0478,F0478,448,0,144,F0478.MID1.MID2,,fd,1
F1017/MID2,F1017/MID5,md,F1017,F1017,961,0,6,F1017.MID2.MID5,,md,3
F0046/MID1,F0046/MID4,fs,F0046,F0046,41,0,50,F0046.MID1.MID4,,fs,0
F0717/MID1,F0717/MID2,fd,F0717,F0717,673,0,14,F0717.MID1.MID2,,fd,1
F0080/MID1,F0080/MID6,ms,F0080,F0080,73,0,12,F0080.MID1.MID6,,ms,2
F0376/MID1,F0376/MID10,fd,F0376,F0376,352,0,16,F0376.MID1.MID10,,fd,1
F0234/MID2,F0234/MID5,ms,F0234,F0234,219,0,10,F0234.MID2.MID5,,ms,2
F0882/MID2,F0882/MID3,md,F0882,F0882,835,0,10,F0882.MID2.MID3,,md,3
F0449/MID3,F0449/MID2,fd,F0449,F0449,421,0,8,F0449.MID3.MID2,,fd,1
F0618/MID5,F0618/MID1,fs,F0618,F0618,581,0,18,F0618.MID5.MID1,,fs,0
F0319/MID1,F0319/MID2,md,F0319,F0319,298,0,32,F0319.MID1.MID2,,md,3
F0639/MID1,F0639/MID3,ms,F0639,F0639,601,0,2,F0639.MID1.MID3,,ms,2
F0989/MID4,F0989/MID2,fd,F0989,F0989,941,0,18,F0989.MID4.MID2,,fd,1
F0418/MID3,F0418/MID1,ms,F0418,F0418,390,0,60,F0418.MID3.MID1,,ms,2
F0976/MID7,F0976/MID1,ms,F0976,F0976,928,0,38,F0976.MID7.MID1,,ms,2
F0734/MID2,F0734/MID3,ms,F0734,F0734,690,0,6,F0734.MID2.MID3,,ms,2
F0373/MID1,F0373/MID4,md,F0373,F0373,349,0,35,F0373.MID1.MID4,,md,3
F0778/MID3,F0778/MID1,fs,F0778,F0778,733,0,50,F0778.MID3.MID1,,fs,0
F0355/MID2,F0355/MID3,fd,F0355,F0355,332,0,60,F0355.MID2.MID3,,fd,1
F0274/MID1,F0274/MID2,ms,F0274,F0274,257,0,35,F0274.MID1.MID2,,ms,2
F0759/MID5,F0759/MID8,md,F0759,F0759,715,0,2,F0759.MID5.MID8,,md,3
F0746/MID3,F0746/MID2,ms,F0746,F0746,702,0,12,F0746.MID3.MID2,,ms,2
F0535/MID4,F0535/MID2,fs,F0535,F0535,502,0,4,F0535.MID4.MID2,,fs,0
F0817/MID5,F0817/MID2,md,F0817,F0817,771,0,3,F0817.MID5.MID2,,md,3
F0459/MID6,F0459/MID2,md,F0459,F0459,431,0,1,F0459.MID6.MID2,,md,3
F0271/MID1,F0271/MID2,fd,F0271,F0271,254,0,63,F0271.MID1.MID2,,fd,1
F0251/MID1,F0251/MID9,fs,F0251,F0251,236,0,16,F0251.MID1.MID9,,fs,0
F0036/MID7,F0036/MID2,fd,F0036,F0036,31,0,6,F0036.MID7.MID2,,fd,1
F0190/MID3,F0190/MID2,ms,F0190,F0190,179,0,6,F0190.MID3.MID2,,ms,2
F0107/MID9,F0107/MID1,ms,F0107,F0107,99,0,20,F0107.MID9.MID1,,ms,2
F0738/MID1,F0738/MID6,md,F0738,F0738,694,0,28,F0738.MID1.MID6,,md,3
F0701/MID2,F0701/MID1,fd,F0701,F0701,660,0,27,F0701.MID2.MID1,,fd,1
F0989/MID3,F0989/MID1,md,F0989,F0989,941,0,40,F0989.MID3.MID1,,md,3
F0272/MID5,F0272/MID4,md,F0272,F0272,255,0,14,F0272.MID5.MID4,,md,3
F0549/MID3,F0549/MID2,fs,F0549,F0549,516,0,27,F0549.MID3.MID2,,fs,0
F0892/MID2,F0892/MID4,fs,F0892,F0892,845,0,70,F0892.MID2.MID4,,fs,0
F0303/MID1,F0303/MID5,fs,F0303,F0303,284,0,87,F0303.MID1.MID5,,fs,0
F0117/MID2,F0117/MID5,md,F0117,F0117,109,0,18,F0117.MID2.MID5,,md,3
F0506/MID2,F0506/MID6,md,F0506,F0506,473,0,18,F0506.MID2.MID6,,md,3
F0552/MID7,F0552/MID8,md,F0552,F0552,519,0,2,F0552.MID7.MID8,,md,3
F0991/MID2,F0991/MID5,md,F0991,F0991,943,0,40,F0991.MID2.MID5,,md,3
F0515/MID1,F0515/MID4,fs,F0515,F0515,482,0,49,F0515.MID1.MID4,,fs,0
F0271/MID3,F0271/MID2,md,F0271,F0271,254,0,28,F0271.MID3.MID2,,md,3
F0402/MID2,F0402/MID5,md,F0402,F0402,374,0,40,F0402.MID2.MID5,,md,3
F0476/MID4,F0476/MID1,md,F0476,F0476,446,0,16,F0476.MID4.MID1,,md,3
F0961/MID7,F0961/MID8,ms,F0961,F0961,913,0,8,F0961.MID7.MID8,,ms,2
F0171/MID1,F0171/MID3,fd,F0171,F0171,162,0,42,F0171.MID1.MID3,,fd,1
F0650/MID4,F0650/MID1,ms,F0650,F0650,611,0,4,F0650.MID4.MID1,,ms,2
F0971/MID1,F0971/MID3,ms,F0971,F0971,923,0,45,F0971.MID1.MID3,,ms,2
F0117/MID1,F0117/MID3,fs,F0117,F0117,109,0,24,F0117.MID1.MID3,,fs,0
F0793/MID3,F0793/MID1,fd,F0793,F0793,747,0,10,F0793.MID3.MID1,,fd,1
F0565/MID2,F0565/MID1,md,F0565,F0565,531,0,40,F0565.MID2.MID1,,md,3
F0642/MID4,F0642/MID7,ms,F0642,F0642,603,0,24,F0642.MID4.MID7,,ms,2
F0780/MID3,F0780/MID1,md,F0780,F0780,735,0,80,F0780.MID3.MID1,,md,3
F0613/MID3,F0613/MID2,ms,F0613,F0613,576,0,6,F0613.MID3.MID2,,ms,2
F0465/MID4,F0465/MID2,fd,F0465,F0465,435,0,7,F0465.MID4.MID2,,fd,1
F0690/MID2,F0690/MID10,md,F0690,F0690,650,0,3,F0690.MID2.MID10,,md,3
F0552/MID2,F0552/MID12,ms,F0552,F0552,519,0,16,F0552.MID2.MID12,,ms,2
F0891/MID1,F0891/MID2,md,F0891,F0891,844,0,40,F0891.MID1.MID2,,md,3
F0163/MID1,F0163/MID6,fd,F0163,F0163,154,0,45,F0163.MID1.MID6,,fd,1
F0149/MID2,F0149/MID4,md,F0149,F0149,140,0,6,F0149.MID2.MID4,,md,3
F0291/MID1,F0291/MID5,md,F0291,F0291,273,0,80,F0291.MID1.MID5,,md,3
F0529/MID2,F0529/MID3,fd,F0529,F0529,496,0,18,F0529.MID2.MID3,,fd,1
F0207/MID1,F0207/MID2,fd,F0207,F0207,195,0,143,F0207.MID1.MID2,,fd,1
F0024/MID2,F0024/MID1,md,F0024,F0024,21,0,32,F0024.MID2.MID1,,md,3
F0020/MID11,F0020/MID3,md,F0020,F0020,17,0,3,F0020.MID11.MID3,,md,3
F0246/MID5,F0246/MID7,fs,F0246,F0246,231,0,2,F0246.MID5.MID7,,fs,0
F0579/MID9,F0579/MID1,fd,F0579,F0579,544,0,24,F0579.MID9.MID1,,fd,1
F0229/MID1,F0229/MID3,fd,F0229,F0229,215,0,28,F0229.MID1.MID3,,fd,1
F0376/MID1,F0376/MID5,fs,F0376,F0376,352,0,80,F0376.MID1.MID5,,fs,0
F0598/MID5,F0598/MID3,md,F0598,F0598,562,0,80,F0598.MID5.MID3,,md,3
F0143/MID2,F0143/MID3,md,F0143,F0143,134,0,176,F0143.MID2.MID3,,md,3
F0742/MID1,F0742/MID2,fd,F0742,F0742,698,0,40,F0742.MID1.MID2,,fd,1
F0296/MID3,F0296/MID1,md,F0296,F0296,277,0,18,F0296.MID3.MID1,,md,3
F0141/MID1,F0141/MID5,fd,F0141,F0141,132,0,40,F0141.MID1.MID5,,fd,1
F0878/MID1,F0878/MID5,fd,F0878,F0878,831,0,10,F0878.MID1.MID5,,fd,1
F1018/MID6,F1018/MID1,md,F1018,F1018,962,0,55,F1018.MID6.MID1,,md,3
F0829/MID2,F0829/MID3,ms,F0829,F0829,783,0,16,F0829.MID2.MID3,,ms,2
F0822/MID3,F0822/MID1,ms,F0822,F0822,776,0,2,F0822.MID3.MID1,,ms,2
F0529/MID6,F0529/MID4,ms,F0529,F0529,496,0,27,F0529.MID6.MID4,,ms,2
F0234/MID1,F0234/MID5,fs,F0234,F0234,219,0,20,F0234.MID1.MID5,,fs,0
